WORK_CENTER,EQPT_ID
MET_13,EQ_WAFER_180
MET_13,EQ_WAFER_181
MET_13,EQ_WAFER_182
MET_13,EQ_WAFER_196
DEP_12,EQ_WAFER_366
DEP_12,EQ_WAFER_367
ETCH_1,EQ_WAFER_132
PROC_1,EQ_WAFER_336
PROC_1,EQ_LOT_6
PROC_1,EQ_WAFER_337
PROC_1,EQ_WAFER_338
PROC_9,EQ_WAFER_343
PROC_10,EQ_WAFER_207
PROC_10,EQ_WAFER_208
PHT_1,EQ_WAFER_473
PHT_1,EQ_WAFER_474
PHT_1,EQ_WAFER_543
PHT_1,EQ_WAFER_475
PHT_1,EQ_WAFER_476
PHT_1,EQ_WAFER_477
PHT_1,EQ_WAFER_584
PHT_12,EQ_WAFER_474
PHT_13,EQ_WAFER_479
PHT_13,EQ_WAFER_480
PHT_14,EQ_BATCH_335
PHT_14,EQ_LOT_32
PHT_15,EQ_BATCH_354
MET_25,EQ_LOT_28
MET_36,EQ_LOT_14
MET_36,EQ_LOT_15
MET_36,EQ_LOT_16
MET_36,EQ_LOT_17
MET_36,EQ_LOT_11
MET_36,EQ_LOT_19
MET_36,EQ_LOT_20
MET_36,EQ_LOT_21
MET_36,EQ_LOT_13
MET_36,EQ_LOT_25
MET_40,EQ_LOT_131
MET_40,EQ_WAFER_509
MET_41,EQ_WAFER_519
MET_41,EQ_WAFER_520
MET_41,EQ_LOT_6
MET_41,EQ_WAFER_523
MET_41,EQ_WAFER_499
MET_41,EQ_WAFER_525
MET_41,EQ_WAFER_505
MET_41,EQ_WAFER_528
MET_41,EQ_WAFER_529
MET_41,EQ_WAFER_509
MET_41,EQ_WAFER_530
MET_41,EQ_WAFER_531
MET_41,EQ_WAFER_532
MET_41,EQ_WAFER_533
WET_1,EQ_BATCH_371
WET_1,EQ_BATCH_2
WET_1,EQ_BATCH_3
WET_12,EQ_LOT_134
WET_12,EQ_LOT_135
WET_22,EQ_BATCH_372
WET_23,EQ_BATCH_373
WET_23,EQ_LOT_136
PROC_11,EQ_WAFER_350
PROC_11,EQ_LOT_6
PROC_11,EQ_WAFER_351
PROC_11,EQ_WAFER_352
PROC_11,EQ_WAFER_353
PROC_12,EQ_WAFER_344
PROC_12,EQ_WAFER_345
PROC_12,EQ_WAFER_346
PROC_12,EQ_WAFER_347
PROC_12,EQ_WAFER_348
PROC_12,EQ_WAFER_349
PROC_13,EQ_LOT_6
PROC_13,EQ_WAFER_209
PROC_13,EQ_WAFER_210
PROC_13,EQ_WAFER_211
PROC_13,EQ_WAFER_212
PROC_13,EQ_WAFER_213
PROC_13,EQ_WAFER_214
PROC_13,EQ_WAFER_215
PROC_13,EQ_WAFER_216
PROC_13,EQ_WAFER_217
PROC_13,EQ_WAFER_218
PROC_13,EQ_WAFER_219
PROC_13,EQ_WAFER_220
PROC_13,EQ_WAFER_221
WET_24,EQ_WAFER_415
WET_24,EQ_WAFER_416
CMP_3,EQ_LOT_6
CMP_1,EQ_WAFER_373
CMP_1,EQ_WAFER_374
CMP_1,EQ_WAFER_375
CMP_1,EQ_WAFER_42
CMP_1,EQ_WAFER_668
CMP_1,EQ_LOT_6
CMP_2,EQ_LOT_6
CMP_4,EQ_WAFER_672
CMP_4,EQ_WAFER_673
CMP_5,EQ_WAFER_241
CMP_5,EQ_WAFER_242
CMP_5,EQ_WAFER_243
CMP_5,EQ_WAFER_244
CMP_5,EQ_WAFER_245
CMP_5,EQ_LOT_6
ETCH_12,EQ_LOT_76
ETCH_18,EQ_LOT_77
ETCH_18,EQ_WAFER_325
OVN_1,EQ_BATCH_4
OVN_1,EQ_BATCH_5
OVN_1,EQ_BATCH_126
OVN_1,EQ_LOT_6
OVN_1,EQ_BATCH_20
OVN_1,EQ_BATCH_121
OVN_12,EQ_WAFER_640
OVN_12,EQ_WAFER_641
OVN_12,EQ_LOT_6
OVN_23,EQ_WAFER_398
OVN_23,EQ_WAFER_399
OVN_29,EQ_WAFER_636
OVN_29,EQ_WAFER_637
WET_25,EQ_WAFER_433
WET_25,EQ_WAFER_434
WET_26,EQ_BATCH_355
WET_26,EQ_BATCH_356
DEP_1,EQ_WAFER_247
DEP_1,EQ_WAFER_93
DEP_1,EQ_WAFER_98
DEP_11,EQ_WAFER_258
DEP_11,EQ_WAFER_259
ETCH_19,EQ_WAFER_446
ETCH_19,EQ_WAFER_447
ETCH_19,EQ_WAFER_448
ETCH_19,EQ_WAFER_449
ETCH_19,EQ_WAFER_450
ETCH_19,EQ_LOT_6
ETCH_20,EQ_WAFER_306
ETCH_20,EQ_WAFER_307
ETCH_20,EQ_WAFER_308
ETCH_21,EQ_WAFER_596
ETCH_21,EQ_WAFER_597
ETCH_21,EQ_WAFER_598
ETCH_21,EQ_WAFER_599
ETCH_21,EQ_LOT_6
OVN_30,EQ_BATCH_6
OVN_30,EQ_BATCH_7
OVN_30,EQ_BATCH_127
PHT_16,EQ_WAFER_475
PHT_16,EQ_WAFER_476
PHT_16,EQ_WAFER_477
PHT_16,EQ_WAFER_478
PHT_17,EQ_WAFER_482
PHT_18,EQ_BATCH_339
PHT_19,EQ_WAFER_260
PHT_19,EQ_LOT_6
MET_42,EQ_WAFER_248
MET_42,EQ_WAFER_249
MET_43,EQ_LOT_17
MET_44,EQ_WAFER_668
WET_27,EQ_BATCH_2
WET_27,EQ_BATCH_3
WET_27,EQ_LOT_6
WET_28,EQ_WAFER_669
WET_28,EQ_WAFER_670
WET_28,EQ_WAFER_671
DEP_14,EQ_LOT_6
DEP_14,EQ_WAFER_85
DEP_14,EQ_WAFER_69
DEP_14,EQ_WAFER_70
DEP_14,EQ_WAFER_71
DEP_14,EQ_WAFER_72
DEP_14,EQ_WAFER_73
DEP_14,EQ_WAFER_86
DEP_14,EQ_WAFER_76
DEP_14,EQ_WAFER_78
DEP_14,EQ_WAFER_81
DEP_14,EQ_WAFER_87
DEP_15,EQ_LOT_6
DEP_15,EQ_WAFER_69
DEP_15,EQ_WAFER_70
DEP_15,EQ_WAFER_71
DEP_15,EQ_WAFER_72
DEP_15,EQ_WAFER_73
DEP_15,EQ_WAFER_74
DEP_15,EQ_WAFER_75
DEP_15,EQ_WAFER_76
DEP_15,EQ_WAFER_77
DEP_15,EQ_WAFER_78
DEP_15,EQ_WAFER_80
DEP_15,EQ_WAFER_83
DEP_15,EQ_WAFER_84
DEP_16,EQ_LOT_6
DEP_16,EQ_WAFER_88
DEP_16,EQ_WAFER_89
DEP_16,EQ_WAFER_90
DEP_16,EQ_WAFER_91
DEP_17,EQ_WAFER_247
DEP_17,EQ_LOT_6
DEP_17,EQ_WAFER_92
DEP_17,EQ_WAFER_93
DEP_17,EQ_WAFER_94
DEP_17,EQ_WAFER_95
DEP_17,EQ_WAFER_96
DEP_17,EQ_WAFER_97
DEP_17,EQ_WAFER_98
DEP_17,EQ_WAFER_99
DEP_17,EQ_WAFER_100
DEP_17,EQ_WAFER_101
DEP_17,EQ_WAFER_102
DEP_17,EQ_WAFER_332
DEP_18,EQ_WAFER_103
DEP_18,EQ_WAFER_104
DEP_18,EQ_WAFER_105
DEP_18,EQ_WAFER_106
DEP_18,EQ_WAFER_107
DEP_18,EQ_WAFER_108
DEP_18,EQ_WAFER_109
DEP_18,EQ_WAFER_110
DEP_18,EQ_WAFER_111
DEP_18,EQ_WAFER_112
DEP_18,EQ_LOT_6
DEP_19,EQ_LOT_6
DEP_19,EQ_WAFER_113
DEP_19,EQ_WAFER_114
DEP_19,EQ_WAFER_115
DEP_19,EQ_WAFER_116
DEP_20,EQ_LOT_6
DEP_20,EQ_WAFER_368
DEP_20,EQ_WAFER_369
DEP_20,EQ_WAFER_370
DEP_20,EQ_WAFER_371
DEP_20,EQ_WAFER_372
DEP_2,EQ_WAFER_74
DEP_2,EQ_WAFER_75
DEP_2,EQ_WAFER_78
DEP_2,EQ_WAFER_81
DEP_13,EQ_LOT_6
DEP_13,EQ_WAFER_621
DEP_13,EQ_WAFER_622
DEP_13,EQ_WAFER_623
DEP_13,EQ_WAFER_624
DEP_13,EQ_WAFER_625
DEP_13,EQ_WAFER_626
DEP_13,EQ_WAFER_627
DEP_13,EQ_WAFER_628
DEP_13,EQ_WAFER_630
DEP_13,EQ_WAFER_631
DEP_13,EQ_WAFER_632
DEP_13,EQ_WAFER_633
DEP_3,EQ_WAFER_629
DEP_3,EQ_WAFER_633
DEP_6,EQ_WAFER_58
DEP_6,EQ_WAFER_61
DEP_6,EQ_WAFER_65
DEP_4,EQ_LOT_6
DEP_4,EQ_WAFER_62
DEP_4,EQ_WAFER_63
DEP_4,EQ_WAFER_65
DEP_4,EQ_WAFER_66
DEP_4,EQ_WAFER_67
DEP_4,EQ_WAFER_68
DEP_5,EQ_WAFER_58
DEP_5,EQ_WAFER_59
DEP_5,EQ_WAFER_60
DEP_5,EQ_WAFER_61
DEP_5,EQ_WAFER_62
DEP_5,EQ_WAFER_64
DEP_7,EQ_LOT_6
DEP_7,EQ_WAFER_58
DEP_7,EQ_WAFER_59
DEP_7,EQ_WAFER_60
DEP_7,EQ_WAFER_64
DEP_8,EQ_LOT_6
DEP_8,EQ_WAFER_601
DEP_8,EQ_WAFER_602
DEP_8,EQ_WAFER_603
DEP_8,EQ_WAFER_604
DEP_8,EQ_WAFER_605
DEP_8,EQ_WAFER_606
DEP_8,EQ_WAFER_607
DEP_8,EQ_WAFER_608
DEP_8,EQ_WAFER_609
DEP_8,EQ_WAFER_610
DEP_8,EQ_WAFER_612
DEP_8,EQ_WAFER_613
DEP_8,EQ_WAFER_614
DEP_8,EQ_WAFER_615
DEP_8,EQ_WAFER_616
DEP_8,EQ_WAFER_617
DEP_8,EQ_WAFER_618
DEP_9,EQ_LOT_6
DEP_9,EQ_WAFER_608
DEP_9,EQ_WAFER_611
DEP_9,EQ_WAFER_613
DEP_9,EQ_WAFER_615
DEP_9,EQ_WAFER_617
DEP_9,EQ_WAFER_618
DEP_10,EQ_LOT_6
DEP_10,EQ_WAFER_70
DEP_10,EQ_WAFER_79
DEP_10,EQ_WAFER_80
DEP_10,EQ_WAFER_82
DEP_10,EQ_WAFER_83
MET_3,EQ_WAFER_200
MET_3,EQ_WAFER_201
MET_3,EQ_WAFER_198
ECD_1,EQ_WAFER_247
ECD_1,EQ_WAFER_246
ECD_1,EQ_LOT_6
ECD_1,EQ_WAFER_57
ECD_2,EQ_WAFER_619
ECD_2,EQ_WAFER_620
OVN_31,EQ_BATCH_127
OVN_32,EQ_BATCH_340
OVN_32,EQ_BATCH_341
PROC_2,EQ_LOT_6
PROC_2,EQ_WAFER_383
PROC_2,EQ_WAFER_384
PROC_2,EQ_WAFER_385
PROC_2,EQ_WAFER_386
PROC_2,EQ_WAFER_271
PROC_2,EQ_WAFER_272
PROC_2,EQ_WAFER_376
PROC_2,EQ_WAFER_377
PROC_2,EQ_WAFER_274
PROC_2,EQ_WAFER_381
ECD_3,EQ_BATCH_364
ECD_3,EQ_BATCH_365
ECD_3,EQ_BATCH_366
ECD_3,EQ_BATCH_367
ECD_3,EQ_BATCH_368
ECD_3,EQ_BATCH_1
ECD_4,EQ_WAFER_579
ECD_4,EQ_WAFER_580
ECD_4,EQ_WAFER_581
PHT_2,EQ_LOT_6
PHT_2,EQ_WAFER_582
PHT_2,EQ_WAFER_583
PHT_2,EQ_WAFER_584
PHT_2,EQ_WAFER_585
PROC_3,EQ_BATCH_369
PROC_3,EQ_BATCH_370
ECD_5,EQ_BATCH_364
ECD_5,EQ_BATCH_365
ECD_5,EQ_BATCH_366
ECD_5,EQ_BATCH_367
ECD_5,EQ_BATCH_368
ECD_6,EQ_WAFER_177
ECD_6,EQ_WAFER_178
ECD_6,EQ_WAFER_179
PHT_3,EQ_WAFER_483
ECD_7,EQ_LOT_32
ECD_7,EQ_BATCH_336
ECD_7,EQ_BATCH_337
ECD_7,EQ_BATCH_338
MET_4,EQ_LOT_27
MET_5,EQ_LOT_52
MET_5,EQ_WAFER_297
PHT_4,EQ_LOT_6
PHT_4,EQ_LOT_3
PHT_4,EQ_LOT_4
PHT_4,EQ_LOT_5
MET_6,EQ_LOT_44
MET_6,EQ_LOT_45
MET_6,EQ_LOT_46
MET_6,EQ_WAFER_295
MET_6,EQ_WAFER_296
MET_6,EQ_WAFER_342
MET_7,EQ_LOT_75
MET_7,EQ_LOT_71
MET_7,EQ_LOT_72
MET_7,EQ_LOT_73
MET_7,EQ_LOT_74
MET_7,EQ_WAFER_333
MET_8,EQ_LOT_14
MET_8,EQ_LOT_15
MET_8,EQ_LOT_17
MET_8,EQ_LOT_11
MET_8,EQ_LOT_12
MET_9,EQ_WAFER_389
MET_9,EQ_LOT_127
MET_9,EQ_LOT_129
MET_10,EQ_WAFER_517
MET_10,EQ_WAFER_518
MET_10,EQ_WAFER_499
WET_2,EQ_WAFER_412
WET_3,EQ_LOT_6
WET_3,EQ_WAFER_410
WET_3,EQ_WAFER_411
WET_3,EQ_WAFER_413
WET_4,EQ_WAFER_414
WET_4,EQ_WAFER_445
ETCH_22,EQ_LOT_6
ETCH_22,EQ_WAFER_301
ETCH_22,EQ_WAFER_303
ETCH_2,EQ_LOT_6
ETCH_2,EQ_WAFER_28
ETCH_2,EQ_WAFER_29
ETCH_2,EQ_WAFER_30
ETCH_2,EQ_WAFER_31
ETCH_2,EQ_WAFER_32
ETCH_2,EQ_WAFER_33
ETCH_2,EQ_WAFER_34
ETCH_2,EQ_WAFER_35
ETCH_2,EQ_WAFER_36
ETCH_2,EQ_WAFER_37
ETCH_2,EQ_WAFER_38
ETCH_2,EQ_WAFER_39
ETCH_2,EQ_WAFER_40
ETCH_2,EQ_WAFER_41
ETCH_23,EQ_LOT_6
ETCH_23,EQ_WAFER_257
ETCH_23,EQ_WAFER_651
ETCH_23,EQ_WAFER_653
ETCH_23,EQ_WAFER_534
ETCH_23,EQ_WAFER_535
ETCH_23,EQ_WAFER_536
ETCH_23,EQ_WAFER_537
ETCH_23,EQ_WAFER_538
ETCH_23,EQ_WAFER_539
ETCH_23,EQ_WAFER_540
ETCH_23,EQ_WAFER_541
ETCH_23,EQ_WAFER_542
ETCH_24,EQ_LOT_6
ETCH_24,EQ_WAFER_651
ETCH_24,EQ_WAFER_652
ETCH_24,EQ_WAFER_653
ETCH_3,EQ_LOT_6
ETCH_3,EQ_WAFER_299
ETCH_3,EQ_WAFER_301
ETCH_3,EQ_WAFER_302
ETCH_3,EQ_WAFER_303
ETCH_3,EQ_WAFER_305
ETCH_5,EQ_LOT_6
ETCH_5,EQ_WAFER_330
ETCH_5,EQ_WAFER_331
ETCH_4,EQ_WAFER_306
ETCH_4,EQ_WAFER_307
ETCH_4,EQ_LOT_6
ETCH_4,EQ_WAFER_309
ETCH_4,EQ_WAFER_310
ETCH_4,EQ_WAFER_311
ETCH_4,EQ_WAFER_312
ETCH_4,EQ_WAFER_313
ETCH_4,EQ_WAFER_314
ETCH_4,EQ_WAFER_315
ETCH_4,EQ_WAFER_316
ETCH_4,EQ_WAFER_317
ETCH_4,EQ_WAFER_318
ETCH_4,EQ_WAFER_319
ETCH_4,EQ_WAFER_320
ETCH_4,EQ_WAFER_321
ETCH_4,EQ_WAFER_322
ETCH_4,EQ_WAFER_323
ETCH_4,EQ_WAFER_324
ETCH_4,EQ_WAFER_325
ETCH_4,EQ_WAFER_326
ETCH_4,EQ_WAFER_327
ETCH_4,EQ_WAFER_328
ETCH_4,EQ_WAFER_329
ETCH_6,EQ_LOT_6
ETCH_6,EQ_WAFER_44
ETCH_6,EQ_WAFER_45
ETCH_6,EQ_WAFER_46
ETCH_6,EQ_WAFER_47
ETCH_6,EQ_WAFER_48
ETCH_6,EQ_WAFER_49
ETCH_6,EQ_WAFER_50
ETCH_6,EQ_WAFER_51
ETCH_6,EQ_WAFER_52
ETCH_6,EQ_WAFER_53
ETCH_6,EQ_WAFER_54
ETCH_6,EQ_WAFER_55
ETCH_6,EQ_WAFER_56
ETCH_6,EQ_WAFER_43
ETCH_6,EQ_WAFER_506
ETCH_7,EQ_WAFER_306
ETCH_7,EQ_LOT_6
ETCH_7,EQ_WAFER_310
ETCH_7,EQ_WAFER_312
ETCH_7,EQ_WAFER_313
ETCH_7,EQ_WAFER_314
ETCH_7,EQ_WAFER_315
ETCH_7,EQ_WAFER_316
ETCH_7,EQ_WAFER_317
ETCH_7,EQ_WAFER_318
ETCH_7,EQ_WAFER_319
ETCH_7,EQ_WAFER_320
ETCH_7,EQ_WAFER_324
ETCH_7,EQ_WAFER_325
ETCH_7,EQ_WAFER_326
ETCH_7,EQ_WAFER_327
ETCH_7,EQ_WAFER_328
ETCH_7,EQ_WAFER_329
ETCH_8,EQ_WAFER_357
ETCH_8,EQ_WAFER_359
ETCH_8,EQ_WAFER_360
ETCH_8,EQ_WAFER_43
ETCH_9,EQ_LOT_6
ETCH_9,EQ_WAFER_299
ETCH_9,EQ_WAFER_300
ETCH_9,EQ_WAFER_302
ETCH_9,EQ_WAFER_304
ETCH_9,EQ_WAFER_653
ETCH_10,EQ_LOT_6
ETCH_10,EQ_WAFER_302
ETCH_10,EQ_WAFER_358
ETCH_10,EQ_WAFER_390
ETCH_10,EQ_WAFER_391
ETCH_10,EQ_WAFER_392
ETCH_10,EQ_WAFER_393
ETCH_11,EQ_LOT_6
ETCH_11,EQ_WAFER_357
ETCH_11,EQ_WAFER_359
ETCH_13,EQ_LOT_76
ETCH_13,EQ_LOT_6
ETCH_13,EQ_LOT_80
ETCH_13,EQ_LOT_81
ETCH_13,EQ_LOT_82
ETCH_13,EQ_LOT_83
ETCH_13,EQ_LOT_84
ETCH_13,EQ_LOT_85
ETCH_13,EQ_LOT_86
ETCH_13,EQ_LOT_88
ETCH_13,EQ_LOT_89
ETCH_13,EQ_LOT_91
ETCH_13,EQ_LOT_92
ETCH_13,EQ_LOT_93
ETCH_13,EQ_LOT_94
ETCH_13,EQ_LOT_95
ETCH_13,EQ_LOT_97
ETCH_13,EQ_LOT_98
ETCH_13,EQ_LOT_99
ETCH_13,EQ_LOT_100
ETCH_13,EQ_LOT_101
ETCH_13,EQ_LOT_103
ETCH_13,EQ_LOT_104
ETCH_13,EQ_LOT_106
ETCH_13,EQ_LOT_107
ETCH_14,EQ_LOT_77
ETCH_14,EQ_LOT_6
ETCH_14,EQ_LOT_78
ETCH_14,EQ_LOT_79
ETCH_14,EQ_LOT_80
ETCH_14,EQ_LOT_81
ETCH_14,EQ_LOT_82
ETCH_14,EQ_LOT_83
ETCH_14,EQ_LOT_84
ETCH_14,EQ_LOT_85
ETCH_14,EQ_LOT_86
ETCH_14,EQ_LOT_87
ETCH_14,EQ_LOT_88
ETCH_14,EQ_LOT_90
ETCH_14,EQ_LOT_91
ETCH_14,EQ_LOT_92
ETCH_14,EQ_LOT_94
ETCH_14,EQ_LOT_95
ETCH_14,EQ_LOT_96
ETCH_14,EQ_LOT_97
ETCH_14,EQ_LOT_98
ETCH_14,EQ_LOT_101
ETCH_14,EQ_LOT_102
ETCH_14,EQ_LOT_103
ETCH_14,EQ_LOT_105
ETCH_14,EQ_WAFER_341
ETCH_15,EQ_LOT_6
ETCH_15,EQ_WAFER_271
ETCH_15,EQ_WAFER_273
ETCH_15,EQ_WAFER_376
ETCH_15,EQ_WAFER_377
ETCH_15,EQ_WAFER_378
ETCH_15,EQ_WAFER_379
ETCH_15,EQ_WAFER_380
ETCH_16,EQ_LOT_6
ETCH_16,EQ_WAFER_271
ETCH_16,EQ_WAFER_272
ETCH_16,EQ_WAFER_273
ETCH_16,EQ_WAFER_376
ETCH_16,EQ_WAFER_379
ETCH_16,EQ_WAFER_274
ETCH_16,EQ_WAFER_381
ETCH_17,EQ_LOT_6
ETCH_17,EQ_WAFER_595
OVN_33,EQ_LOT_6
OVN_33,EQ_BATCH_24
OVN_33,EQ_BATCH_25
OVN_33,EQ_BATCH_48
OVN_33,EQ_BATCH_49
OVN_33,EQ_BATCH_118
OVN_33,EQ_BATCH_119
OVN_33,EQ_BATCH_136
OVN_33,EQ_BATCH_139
OVN_33,EQ_BATCH_145
OVN_33,EQ_BATCH_149
OVN_34,EQ_LOT_6
OVN_34,EQ_BATCH_145
OVN_34,EQ_BATCH_168
OVN_34,EQ_BATCH_173
OVN_34,EQ_BATCH_179
OVN_34,EQ_BATCH_180
OVN_34,EQ_BATCH_191
OVN_34,EQ_BATCH_193
OVN_34,EQ_BATCH_205
OVN_34,EQ_BATCH_217
OVN_34,EQ_BATCH_221
OVN_34,EQ_BATCH_224
OVN_34,EQ_BATCH_230
OVN_34,EQ_BATCH_242
OVN_34,EQ_BATCH_248
OVN_34,EQ_BATCH_259
OVN_34,EQ_BATCH_267
OVN_34,EQ_BATCH_276
OVN_34,EQ_BATCH_287
OVN_34,EQ_BATCH_291
OVN_2,EQ_LOT_6
OVN_2,EQ_BATCH_8
OVN_2,EQ_BATCH_34
OVN_2,EQ_BATCH_39
OVN_2,EQ_BATCH_47
OVN_2,EQ_BATCH_62
OVN_2,EQ_BATCH_68
OVN_2,EQ_BATCH_71
OVN_2,EQ_BATCH_76
OVN_2,EQ_BATCH_79
OVN_2,EQ_BATCH_81
OVN_2,EQ_BATCH_93
OVN_2,EQ_BATCH_115
OVN_2,EQ_BATCH_116
OVN_2,EQ_BATCH_163
OVN_2,EQ_BATCH_274
OVN_3,EQ_LOT_6
OVN_3,EQ_BATCH_100
OVN_3,EQ_BATCH_170
OVN_3,EQ_BATCH_176
OVN_3,EQ_BATCH_189
OVN_3,EQ_BATCH_190
OVN_3,EQ_BATCH_212
OVN_3,EQ_BATCH_215
OVN_3,EQ_BATCH_222
OVN_3,EQ_BATCH_225
OVN_3,EQ_BATCH_257
OVN_3,EQ_BATCH_292
OVN_4,EQ_BATCH_4
OVN_4,EQ_BATCH_126
OVN_4,EQ_LOT_6
OVN_4,EQ_BATCH_153
OVN_4,EQ_BATCH_171
OVN_4,EQ_BATCH_178
OVN_4,EQ_BATCH_218
OVN_4,EQ_BATCH_229
OVN_4,EQ_BATCH_252
OVN_4,EQ_BATCH_272
OVN_5,EQ_LOT_6
OVN_5,EQ_BATCH_20
OVN_5,EQ_BATCH_50
OVN_5,EQ_BATCH_55
OVN_5,EQ_BATCH_66
OVN_5,EQ_BATCH_68
OVN_5,EQ_BATCH_91
OVN_5,EQ_BATCH_146
OVN_5,EQ_BATCH_154
OVN_5,EQ_BATCH_156
OVN_5,EQ_BATCH_161
OVN_5,EQ_BATCH_162
OVN_5,EQ_BATCH_164
OVN_5,EQ_BATCH_165
OVN_5,EQ_BATCH_168
OVN_5,EQ_BATCH_171
OVN_5,EQ_BATCH_173
OVN_5,EQ_BATCH_174
OVN_5,EQ_BATCH_177
OVN_5,EQ_BATCH_178
OVN_5,EQ_BATCH_179
OVN_5,EQ_BATCH_180
OVN_5,EQ_BATCH_181
OVN_5,EQ_BATCH_184
OVN_5,EQ_BATCH_185
OVN_5,EQ_BATCH_191
OVN_5,EQ_BATCH_193
OVN_5,EQ_BATCH_195
OVN_5,EQ_BATCH_199
OVN_5,EQ_BATCH_206
OVN_5,EQ_BATCH_210
OVN_5,EQ_BATCH_214
OVN_5,EQ_BATCH_218
OVN_5,EQ_BATCH_224
OVN_5,EQ_BATCH_227
OVN_5,EQ_BATCH_229
OVN_5,EQ_BATCH_230
OVN_5,EQ_BATCH_237
OVN_5,EQ_BATCH_239
OVN_5,EQ_BATCH_245
OVN_5,EQ_BATCH_246
OVN_5,EQ_BATCH_249
OVN_5,EQ_BATCH_250
OVN_5,EQ_BATCH_251
OVN_5,EQ_BATCH_252
OVN_5,EQ_BATCH_255
OVN_5,EQ_BATCH_261
OVN_5,EQ_BATCH_263
OVN_5,EQ_BATCH_264
OVN_5,EQ_BATCH_265
OVN_5,EQ_BATCH_266
OVN_5,EQ_BATCH_268
OVN_5,EQ_BATCH_269
OVN_5,EQ_BATCH_275
OVN_5,EQ_BATCH_277
OVN_5,EQ_BATCH_282
OVN_5,EQ_BATCH_285
OVN_5,EQ_BATCH_289
OVN_5,EQ_BATCH_290
OVN_6,EQ_BATCH_4
OVN_6,EQ_BATCH_5
OVN_6,EQ_LOT_6
OVN_6,EQ_BATCH_341
OVN_6,EQ_BATCH_18
OVN_6,EQ_BATCH_30
OVN_6,EQ_BATCH_60
OVN_6,EQ_BATCH_61
OVN_6,EQ_BATCH_114
OVN_6,EQ_BATCH_133
OVN_6,EQ_BATCH_153
OVN_6,EQ_BATCH_154
OVN_6,EQ_BATCH_155
OVN_6,EQ_BATCH_156
OVN_6,EQ_BATCH_157
OVN_6,EQ_BATCH_158
OVN_6,EQ_BATCH_159
OVN_6,EQ_BATCH_160
OVN_6,EQ_BATCH_161
OVN_6,EQ_BATCH_162
OVN_6,EQ_BATCH_163
OVN_6,EQ_BATCH_165
OVN_6,EQ_BATCH_166
OVN_6,EQ_BATCH_167
OVN_6,EQ_BATCH_169
OVN_6,EQ_BATCH_170
OVN_6,EQ_BATCH_171
OVN_6,EQ_BATCH_172
OVN_6,EQ_BATCH_173
OVN_6,EQ_BATCH_174
OVN_6,EQ_BATCH_175
OVN_6,EQ_BATCH_176
OVN_6,EQ_BATCH_177
OVN_6,EQ_BATCH_178
OVN_6,EQ_BATCH_181
OVN_6,EQ_BATCH_182
OVN_6,EQ_BATCH_183
OVN_6,EQ_BATCH_184
OVN_6,EQ_BATCH_185
OVN_6,EQ_BATCH_186
OVN_6,EQ_BATCH_187
OVN_6,EQ_BATCH_188
OVN_6,EQ_BATCH_189
OVN_6,EQ_BATCH_190
OVN_6,EQ_BATCH_192
OVN_6,EQ_BATCH_194
OVN_6,EQ_BATCH_195
OVN_6,EQ_BATCH_196
OVN_6,EQ_BATCH_197
OVN_6,EQ_BATCH_198
OVN_6,EQ_BATCH_199
OVN_6,EQ_BATCH_200
OVN_6,EQ_BATCH_201
OVN_6,EQ_BATCH_202
OVN_6,EQ_BATCH_203
OVN_6,EQ_BATCH_204
OVN_6,EQ_BATCH_205
OVN_6,EQ_BATCH_206
OVN_6,EQ_BATCH_207
OVN_6,EQ_BATCH_208
OVN_6,EQ_BATCH_209
OVN_6,EQ_BATCH_210
OVN_6,EQ_BATCH_211
OVN_6,EQ_BATCH_212
OVN_6,EQ_BATCH_213
OVN_6,EQ_BATCH_214
OVN_6,EQ_BATCH_215
OVN_6,EQ_BATCH_216
OVN_6,EQ_BATCH_217
OVN_6,EQ_BATCH_218
OVN_6,EQ_BATCH_219
OVN_6,EQ_BATCH_220
OVN_6,EQ_BATCH_221
OVN_6,EQ_BATCH_222
OVN_6,EQ_BATCH_223
OVN_6,EQ_BATCH_224
OVN_6,EQ_BATCH_225
OVN_6,EQ_BATCH_226
OVN_6,EQ_BATCH_227
OVN_6,EQ_BATCH_228
OVN_6,EQ_BATCH_229
OVN_6,EQ_BATCH_230
OVN_6,EQ_BATCH_231
OVN_6,EQ_BATCH_232
OVN_6,EQ_BATCH_233
OVN_6,EQ_BATCH_234
OVN_6,EQ_BATCH_235
OVN_6,EQ_BATCH_236
OVN_6,EQ_BATCH_237
OVN_6,EQ_BATCH_238
OVN_6,EQ_BATCH_239
OVN_6,EQ_BATCH_240
OVN_6,EQ_BATCH_241
OVN_6,EQ_BATCH_242
OVN_6,EQ_BATCH_243
OVN_6,EQ_BATCH_244
OVN_6,EQ_BATCH_245
OVN_6,EQ_BATCH_246
OVN_6,EQ_BATCH_247
OVN_6,EQ_BATCH_248
OVN_6,EQ_BATCH_249
OVN_6,EQ_BATCH_250
OVN_6,EQ_BATCH_251
OVN_6,EQ_BATCH_252
OVN_6,EQ_BATCH_253
OVN_6,EQ_BATCH_254
OVN_6,EQ_BATCH_255
OVN_6,EQ_BATCH_256
OVN_6,EQ_BATCH_257
OVN_6,EQ_BATCH_258
OVN_6,EQ_BATCH_259
OVN_6,EQ_BATCH_260
OVN_6,EQ_BATCH_261
OVN_6,EQ_BATCH_262
OVN_6,EQ_BATCH_263
OVN_6,EQ_BATCH_264
OVN_6,EQ_BATCH_265
OVN_6,EQ_BATCH_266
OVN_6,EQ_BATCH_267
OVN_6,EQ_BATCH_268
OVN_6,EQ_BATCH_269
OVN_6,EQ_BATCH_270
OVN_6,EQ_BATCH_271
OVN_6,EQ_BATCH_272
OVN_6,EQ_BATCH_273
OVN_6,EQ_BATCH_274
OVN_6,EQ_BATCH_275
OVN_6,EQ_BATCH_276
OVN_6,EQ_BATCH_277
OVN_6,EQ_BATCH_278
OVN_6,EQ_BATCH_279
OVN_6,EQ_BATCH_280
OVN_6,EQ_BATCH_281
OVN_6,EQ_BATCH_282
OVN_6,EQ_BATCH_283
OVN_6,EQ_BATCH_284
OVN_6,EQ_BATCH_285
OVN_6,EQ_BATCH_286
OVN_6,EQ_BATCH_287
OVN_6,EQ_BATCH_288
OVN_6,EQ_BATCH_289
OVN_6,EQ_BATCH_290
OVN_6,EQ_BATCH_291
OVN_6,EQ_BATCH_292
OVN_6,EQ_BATCH_293
OVN_6,EQ_BATCH_294
OVN_6,EQ_BATCH_295
OVN_7,EQ_LOT_6
OVN_7,EQ_BATCH_10
OVN_7,EQ_BATCH_18
OVN_7,EQ_BATCH_28
OVN_7,EQ_BATCH_30
OVN_7,EQ_BATCH_33
OVN_7,EQ_BATCH_37
OVN_7,EQ_BATCH_46
OVN_7,EQ_BATCH_66
OVN_7,EQ_BATCH_83
OVN_7,EQ_BATCH_91
OVN_7,EQ_BATCH_104
OVN_7,EQ_BATCH_108
OVN_7,EQ_BATCH_114
OVN_7,EQ_BATCH_141
OVN_7,EQ_BATCH_146
OVN_7,EQ_BATCH_152
OVN_7,EQ_BATCH_156
OVN_7,EQ_BATCH_196
OVN_7,EQ_BATCH_197
OVN_7,EQ_BATCH_284
OVN_7,EQ_BATCH_288
OVN_7,EQ_WAFER_468
OVN_9,EQ_BATCH_4
OVN_9,EQ_BATCH_5
OVN_9,EQ_LOT_6
OVN_9,EQ_BATCH_22
OVN_9,EQ_BATCH_23
OVN_9,EQ_BATCH_43
OVN_9,EQ_BATCH_50
OVN_9,EQ_BATCH_51
OVN_9,EQ_BATCH_64
OVN_9,EQ_BATCH_65
OVN_9,EQ_BATCH_230
OVN_10,EQ_BATCH_233
OVN_10,EQ_BATCH_234
OVN_10,EQ_BATCH_235
OVN_8,EQ_LOT_6
OVN_8,EQ_BATCH_128
OVN_8,EQ_BATCH_47
OVN_8,EQ_BATCH_160
OVN_8,EQ_BATCH_163
OVN_8,EQ_BATCH_166
OVN_8,EQ_BATCH_167
OVN_8,EQ_BATCH_175
OVN_8,EQ_BATCH_182
OVN_8,EQ_BATCH_183
OVN_8,EQ_BATCH_186
OVN_8,EQ_BATCH_190
OVN_8,EQ_BATCH_192
OVN_8,EQ_BATCH_198
OVN_8,EQ_BATCH_201
OVN_8,EQ_BATCH_202
OVN_8,EQ_BATCH_208
OVN_8,EQ_BATCH_213
OVN_8,EQ_BATCH_220
OVN_8,EQ_BATCH_228
OVN_8,EQ_BATCH_232
OVN_8,EQ_BATCH_238
OVN_8,EQ_BATCH_240
OVN_8,EQ_BATCH_245
OVN_8,EQ_BATCH_247
OVN_8,EQ_BATCH_254
OVN_8,EQ_BATCH_258
OVN_8,EQ_BATCH_262
OVN_8,EQ_BATCH_270
OVN_8,EQ_BATCH_271
OVN_8,EQ_BATCH_274
OVN_8,EQ_BATCH_278
OVN_8,EQ_BATCH_279
OVN_8,EQ_BATCH_283
OVN_8,EQ_BATCH_286
OVN_8,EQ_BATCH_294
OVN_11,EQ_BATCH_340
OVN_11,EQ_BATCH_341
OVN_11,EQ_BATCH_344
OVN_11,EQ_BATCH_345
OVN_11,EQ_BATCH_348
OVN_11,EQ_BATCH_349
OVN_11,EQ_BATCH_350
OVN_11,EQ_BATCH_351
OVN_11,EQ_BATCH_352
OVN_11,EQ_BATCH_353
OVN_11,EQ_LOT_70
OVN_13,EQ_WAFER_290
OVN_13,EQ_WAFER_291
OVN_13,EQ_WAFER_292
OVN_13,EQ_WAFER_293
OVN_13,EQ_WAFER_294
OVN_14,EQ_BATCH_13
OVN_14,EQ_BATCH_15
OVN_14,EQ_BATCH_32
OVN_14,EQ_BATCH_37
OVN_14,EQ_BATCH_41
OVN_14,EQ_BATCH_42
OVN_14,EQ_BATCH_43
OVN_14,EQ_BATCH_55
OVN_14,EQ_BATCH_57
OVN_14,EQ_BATCH_65
OVN_14,EQ_BATCH_66
OVN_14,EQ_BATCH_72
OVN_14,EQ_BATCH_88
OVN_14,EQ_BATCH_96
OVN_14,EQ_BATCH_100
OVN_14,EQ_BATCH_112
OVN_14,EQ_BATCH_120
OVN_14,EQ_BATCH_122
OVN_14,EQ_BATCH_129
OVN_14,EQ_BATCH_131
OVN_14,EQ_BATCH_134
OVN_14,EQ_BATCH_147
OVN_15,EQ_LOT_6
OVN_15,EQ_BATCH_9
OVN_15,EQ_BATCH_12
OVN_15,EQ_BATCH_14
OVN_15,EQ_BATCH_29
OVN_15,EQ_BATCH_31
OVN_15,EQ_BATCH_54
OVN_15,EQ_BATCH_56
OVN_15,EQ_BATCH_63
OVN_15,EQ_BATCH_67
OVN_15,EQ_BATCH_69
OVN_15,EQ_BATCH_70
OVN_15,EQ_BATCH_72
OVN_15,EQ_BATCH_74
OVN_15,EQ_BATCH_75
OVN_15,EQ_BATCH_77
OVN_15,EQ_BATCH_78
OVN_15,EQ_BATCH_84
OVN_15,EQ_BATCH_85
OVN_15,EQ_BATCH_94
OVN_15,EQ_BATCH_95
OVN_15,EQ_BATCH_97
OVN_15,EQ_BATCH_101
OVN_15,EQ_BATCH_105
OVN_15,EQ_BATCH_109
OVN_15,EQ_BATCH_110
OVN_15,EQ_BATCH_111
OVN_15,EQ_BATCH_117
OVN_15,EQ_BATCH_121
OVN_16,EQ_BATCH_4
OVN_16,EQ_BATCH_5
OVN_16,EQ_LOT_6
OVN_16,EQ_BATCH_11
OVN_16,EQ_BATCH_24
OVN_16,EQ_BATCH_25
OVN_16,EQ_BATCH_38
OVN_16,EQ_BATCH_40
OVN_16,EQ_BATCH_60
OVN_16,EQ_BATCH_61
OVN_16,EQ_BATCH_82
OVN_16,EQ_BATCH_89
OVN_16,EQ_BATCH_113
OVN_16,EQ_BATCH_123
OVN_16,EQ_BATCH_124
OVN_16,EQ_BATCH_125
OVN_16,EQ_BATCH_130
OVN_16,EQ_BATCH_133
OVN_16,EQ_BATCH_137
OVN_16,EQ_BATCH_138
OVN_16,EQ_BATCH_139
OVN_16,EQ_BATCH_140
OVN_16,EQ_BATCH_144
OVN_16,EQ_BATCH_145
OVN_16,EQ_BATCH_148
OVN_16,EQ_BATCH_150
OVN_17,EQ_LOT_6
OVN_17,EQ_BATCH_11
OVN_17,EQ_BATCH_16
OVN_17,EQ_BATCH_17
OVN_17,EQ_BATCH_19
OVN_17,EQ_BATCH_21
OVN_17,EQ_BATCH_26
OVN_17,EQ_BATCH_27
OVN_17,EQ_BATCH_30
OVN_17,EQ_BATCH_35
OVN_17,EQ_BATCH_36
OVN_17,EQ_BATCH_44
OVN_17,EQ_BATCH_45
OVN_17,EQ_BATCH_52
OVN_17,EQ_BATCH_53
OVN_17,EQ_BATCH_58
OVN_17,EQ_BATCH_59
OVN_17,EQ_BATCH_73
OVN_17,EQ_BATCH_80
OVN_17,EQ_BATCH_86
OVN_17,EQ_BATCH_87
OVN_17,EQ_BATCH_90
OVN_17,EQ_BATCH_92
OVN_17,EQ_BATCH_98
OVN_17,EQ_BATCH_99
OVN_17,EQ_BATCH_102
OVN_17,EQ_BATCH_103
OVN_17,EQ_BATCH_104
OVN_17,EQ_BATCH_106
OVN_17,EQ_BATCH_107
OVN_17,EQ_BATCH_108
OVN_17,EQ_BATCH_132
OVN_17,EQ_BATCH_135
OVN_17,EQ_BATCH_140
OVN_17,EQ_BATCH_142
OVN_17,EQ_BATCH_143
OVN_17,EQ_BATCH_151
OVN_17,EQ_BATCH_244
OVN_17,EQ_BATCH_246
OVN_18,EQ_BATCH_4
OVN_18,EQ_BATCH_5
OVN_18,EQ_WAFER_451
OVN_18,EQ_WAFER_452
OVN_18,EQ_WAFER_453
OVN_18,EQ_WAFER_454
OVN_18,EQ_WAFER_455
OVN_18,EQ_WAFER_456
OVN_18,EQ_WAFER_457
OVN_18,EQ_WAFER_458
OVN_18,EQ_WAFER_461
OVN_18,EQ_WAFER_462
OVN_18,EQ_WAFER_463
OVN_18,EQ_WAFER_464
OVN_18,EQ_WAFER_465
OVN_18,EQ_WAFER_466
OVN_18,EQ_WAFER_467
OVN_18,EQ_WAFER_468
OVN_18,EQ_WAFER_469
OVN_18,EQ_WAFER_470
OVN_19,EQ_BATCH_6
OVN_19,EQ_LOT_6
OVN_19,EQ_WAFER_451
OVN_19,EQ_WAFER_452
OVN_19,EQ_WAFER_453
OVN_19,EQ_WAFER_454
OVN_19,EQ_WAFER_455
OVN_19,EQ_WAFER_456
OVN_19,EQ_WAFER_457
OVN_19,EQ_WAFER_458
OVN_19,EQ_WAFER_459
OVN_19,EQ_WAFER_460
OVN_19,EQ_WAFER_461
OVN_19,EQ_WAFER_462
OVN_19,EQ_WAFER_463
OVN_19,EQ_WAFER_464
OVN_19,EQ_WAFER_465
OVN_19,EQ_WAFER_466
OVN_19,EQ_WAFER_467
OVN_19,EQ_WAFER_468
OVN_19,EQ_WAFER_469
OVN_19,EQ_WAFER_470
PROC_14,EQ_WAFER_275
PROC_14,EQ_WAFER_276
PROC_14,EQ_WAFER_277
PROC_14,EQ_WAFER_278
PROC_14,EQ_WAFER_279
PROC_14,EQ_WAFER_280
OVN_20,EQ_LOT_6
OVN_20,EQ_BATCH_342
OVN_20,EQ_BATCH_343
OVN_20,EQ_BATCH_344
OVN_20,EQ_BATCH_345
OVN_20,EQ_BATCH_346
OVN_20,EQ_LOT_70
PROC_15,EQ_LOT_6
PROC_15,EQ_WAFER_485
PROC_15,EQ_WAFER_486
PROC_15,EQ_WAFER_487
PROC_15,EQ_WAFER_488
PROC_15,EQ_WAFER_489
OVN_21,EQ_LOT_6
OVN_21,EQ_WAFER_666
OVN_21,EQ_WAFER_667
OVN_21,EQ_LOT_147
OVN_21,EQ_LOT_148
MET_11,EQ_WAFER_203
MET_11,EQ_WAFER_204
MET_11,EQ_WAFER_197
MET_11,EQ_WAFER_199
PROC_16,EQ_LOT_6
PROC_16,EQ_WAFER_281
PROC_16,EQ_WAFER_282
PROC_16,EQ_WAFER_283
PROC_16,EQ_WAFER_284
PROC_16,EQ_WAFER_285
PROC_16,EQ_WAFER_286
WET_5,EQ_BATCH_357
WET_5,EQ_BATCH_358
OVN_22,EQ_WAFER_640
OVN_22,EQ_WAFER_641
OVN_22,EQ_LOT_6
OVN_22,EQ_WAFER_642
OVN_22,EQ_WAFER_643
OVN_24,EQ_LOT_6
OVN_24,EQ_WAFER_236
OVN_24,EQ_WAFER_237
OVN_24,EQ_WAFER_238
OVN_24,EQ_WAFER_239
OVN_24,EQ_WAFER_240
OVN_24,EQ_WAFER_644
OVN_24,EQ_WAFER_645
OVN_24,EQ_WAFER_646
OVN_24,EQ_WAFER_647
OVN_24,EQ_WAFER_648
OVN_24,EQ_WAFER_649
OVN_24,EQ_WAFER_650
OVN_25,EQ_LOT_6
OVN_25,EQ_WAFER_222
OVN_25,EQ_WAFER_223
OVN_25,EQ_WAFER_224
OVN_25,EQ_WAFER_225
OVN_25,EQ_WAFER_226
OVN_25,EQ_WAFER_227
OVN_25,EQ_WAFER_228
OVN_25,EQ_WAFER_229
OVN_25,EQ_WAFER_230
OVN_25,EQ_WAFER_231
OVN_25,EQ_WAFER_232
OVN_25,EQ_WAFER_233
OVN_25,EQ_WAFER_234
OVN_25,EQ_WAFER_235
OVN_25,EQ_WAFER_655
OVN_25,EQ_WAFER_656
OVN_25,EQ_WAFER_657
OVN_25,EQ_WAFER_658
OVN_25,EQ_WAFER_659
OVN_25,EQ_WAFER_660
OVN_25,EQ_WAFER_661
OVN_25,EQ_WAFER_662
OVN_25,EQ_WAFER_663
OVN_25,EQ_WAFER_664
OVN_25,EQ_WAFER_665
OVN_25,EQ_WAFER_236
OVN_25,EQ_WAFER_237
OVN_25,EQ_WAFER_638
OVN_25,EQ_WAFER_644
OVN_25,EQ_WAFER_645
OVN_25,EQ_WAFER_646
OVN_25,EQ_WAFER_647
OVN_25,EQ_WAFER_648
OVN_25,EQ_WAFER_649
OVN_25,EQ_WAFER_650
OVN_26,EQ_WAFER_640
OVN_26,EQ_WAFER_641
OVN_26,EQ_LOT_6
OVN_26,EQ_WAFER_222
OVN_26,EQ_WAFER_224
OVN_26,EQ_WAFER_655
OVN_26,EQ_WAFER_656
OVN_26,EQ_WAFER_659
OVN_26,EQ_WAFER_665
OVN_26,EQ_WAFER_236
OVN_26,EQ_WAFER_237
OVN_26,EQ_WAFER_238
OVN_26,EQ_WAFER_239
OVN_26,EQ_WAFER_240
OVN_26,EQ_WAFER_638
OVN_26,EQ_WAFER_639
OVN_26,EQ_WAFER_131
OVN_26,EQ_WAFER_644
OVN_26,EQ_WAFER_645
OVN_26,EQ_WAFER_646
OVN_26,EQ_WAFER_647
OVN_26,EQ_WAFER_648
OVN_26,EQ_WAFER_649
OVN_26,EQ_WAFER_650
OVN_27,EQ_LOT_6
OVN_27,EQ_WAFER_222
OVN_27,EQ_WAFER_224
OVN_27,EQ_WAFER_225
OVN_27,EQ_WAFER_228
OVN_27,EQ_WAFER_230
OVN_27,EQ_WAFER_232
OVN_27,EQ_WAFER_233
OVN_27,EQ_WAFER_235
OVN_27,EQ_WAFER_655
OVN_27,EQ_WAFER_236
OVN_27,EQ_WAFER_237
OVN_27,EQ_WAFER_238
OVN_27,EQ_WAFER_239
OVN_27,EQ_WAFER_240
OVN_27,EQ_WAFER_638
OVN_27,EQ_WAFER_639
OVN_27,EQ_WAFER_131
OVN_27,EQ_WAFER_644
OVN_27,EQ_WAFER_645
OVN_27,EQ_WAFER_646
OVN_27,EQ_WAFER_647
OVN_27,EQ_WAFER_648
OVN_27,EQ_WAFER_649
OVN_27,EQ_WAFER_650
OVN_28,EQ_WAFER_236
OVN_28,EQ_WAFER_238
OVN_28,EQ_WAFER_239
OVN_28,EQ_WAFER_240
OVN_28,EQ_WAFER_650
PHT_5,EQ_LOT_6
PHT_5,EQ_WAFER_586
PHT_5,EQ_WAFER_587
PHT_5,EQ_WAFER_588
PHT_5,EQ_WAFER_589
PHT_5,EQ_WAFER_590
PHT_5,EQ_WAFER_591
PHT_5,EQ_WAFER_592
PHT_5,EQ_WAFER_593
PHT_5,EQ_WAFER_594
PHT_6,EQ_WAFER_543
PHT_6,EQ_LOT_6
PHT_6,EQ_WAFER_582
PHT_6,EQ_WAFER_583
PHT_6,EQ_WAFER_584
PHT_6,EQ_WAFER_585
PHT_6,EQ_WAFER_396
PHT_6,EQ_WAFER_544
PHT_6,EQ_WAFER_545
PHT_6,EQ_WAFER_546
PHT_6,EQ_WAFER_547
PHT_6,EQ_WAFER_548
PHT_6,EQ_WAFER_549
PHT_6,EQ_WAFER_550
PHT_6,EQ_WAFER_551
PHT_6,EQ_WAFER_552
PHT_6,EQ_WAFER_553
PHT_6,EQ_WAFER_554
PHT_6,EQ_WAFER_555
PHT_6,EQ_WAFER_556
PHT_6,EQ_WAFER_557
PHT_6,EQ_WAFER_558
PHT_6,EQ_WAFER_559
PHT_6,EQ_WAFER_560
PHT_6,EQ_WAFER_561
PHT_6,EQ_WAFER_562
PHT_6,EQ_WAFER_563
PHT_6,EQ_WAFER_564
PHT_6,EQ_WAFER_565
PHT_6,EQ_WAFER_566
PHT_6,EQ_WAFER_567
PHT_6,EQ_WAFER_568
PHT_6,EQ_WAFER_569
PHT_6,EQ_WAFER_570
PHT_6,EQ_WAFER_571
PHT_6,EQ_WAFER_572
PHT_6,EQ_WAFER_573
PHT_6,EQ_WAFER_574
PHT_6,EQ_WAFER_575
PHT_6,EQ_WAFER_593
PHT_6,EQ_WAFER_400
PHT_6,EQ_WAFER_401
PHT_6,EQ_WAFER_402
PHT_6,EQ_WAFER_403
PHT_6,EQ_WAFER_404
PHT_6,EQ_WAFER_576
PHT_6,EQ_WAFER_577
PHT_6,EQ_WAFER_578
PHT_7,EQ_WAFER_577
PHT_7,EQ_WAFER_578
PHT_8,EQ_WAFER_168
PHT_8,EQ_WAFER_169
PHT_8,EQ_WAFER_170
PHT_8,EQ_WAFER_171
PHT_8,EQ_WAFER_172
PHT_8,EQ_WAFER_173
PHT_8,EQ_WAFER_174
PHT_8,EQ_WAFER_175
PHT_8,EQ_WAFER_176
PHT_8,EQ_WAFER_135
PHT_8,EQ_WAFER_136
PHT_8,EQ_WAFER_137
PHT_8,EQ_WAFER_141
PHT_8,EQ_WAFER_142
PHT_8,EQ_WAFER_143
PHT_8,EQ_WAFER_144
PHT_8,EQ_WAFER_145
PHT_8,EQ_WAFER_146
PHT_8,EQ_WAFER_147
PHT_8,EQ_WAFER_148
PHT_8,EQ_WAFER_149
PHT_8,EQ_WAFER_150
PHT_8,EQ_WAFER_151
PHT_8,EQ_WAFER_152
PHT_8,EQ_WAFER_153
PHT_8,EQ_WAFER_154
PHT_8,EQ_WAFER_155
PHT_8,EQ_WAFER_156
PHT_8,EQ_WAFER_157
PHT_8,EQ_WAFER_158
PHT_8,EQ_WAFER_159
PHT_8,EQ_WAFER_160
PHT_8,EQ_WAFER_161
PHT_8,EQ_WAFER_162
PHT_8,EQ_WAFER_163
PHT_8,EQ_WAFER_164
PHT_8,EQ_WAFER_165
PHT_8,EQ_WAFER_166
PHT_8,EQ_WAFER_167
PHT_9,EQ_WAFER_135
PHT_9,EQ_WAFER_136
PHT_10,EQ_WAFER_261
PHT_10,EQ_WAFER_262
PHT_10,EQ_WAFER_263
PHT_11,EQ_WAFER_137
PHT_11,EQ_WAFER_138
PHT_11,EQ_WAFER_139
PHT_11,EQ_WAFER_140
PHT_11,EQ_WAFER_167
PROC_4,EQ_WAFER_264
PROC_4,EQ_WAFER_265
PROC_4,EQ_WAFER_266
PROC_4,EQ_WAFER_267
PROC_4,EQ_WAFER_268
PROC_4,EQ_WAFER_269
PROC_4,EQ_WAFER_270
MET_12,EQ_LOT_28
MET_12,EQ_LOT_6
MET_12,EQ_LOT_27
MET_12,EQ_LOT_29
MET_12,EQ_WAFER_256
MET_12,EQ_LOT_30
MET_12,EQ_LOT_31
MET_15,EQ_LOT_6
MET_15,EQ_LOT_145
MET_15,EQ_LOT_146
MET_15,EQ_WAFER_600
MET_16,EQ_LOT_52
MET_16,EQ_WAFER_295
MET_16,EQ_LOT_145
MET_16,EQ_LOT_146
MET_16,EQ_WAFER_600
MET_16,EQ_WAFER_297
MET_16,EQ_LOT_130
MET_16,EQ_LOT_133
MET_16,EQ_WAFER_397
MET_17,EQ_LOT_56
MET_17,EQ_LOT_57
MET_18,EQ_LOT_36
MET_19,EQ_LOT_47
MET_19,EQ_LOT_48
MET_19,EQ_LOT_49
MET_19,EQ_LOT_50
MET_19,EQ_LOT_51
MET_20,EQ_LOT_6
MET_20,EQ_BATCH_15
MET_20,EQ_LOT_33
MET_20,EQ_LOT_34
MET_20,EQ_LOT_35
MET_20,EQ_LOT_36
MET_20,EQ_LOT_37
MET_20,EQ_LOT_38
MET_20,EQ_LOT_39
MET_20,EQ_LOT_40
MET_20,EQ_LOT_41
MET_20,EQ_LOT_42
MET_20,EQ_WAFER_288
MET_20,EQ_WAFER_289
MET_21,EQ_LOT_45
MET_21,EQ_LOT_46
MET_21,EQ_WAFER_295
MET_21,EQ_WAFER_296
MET_21,EQ_LOT_60
MET_21,EQ_LOT_61
MET_21,EQ_LOT_62
MET_21,EQ_LOT_63
MET_21,EQ_LOT_64
MET_22,EQ_WAFER_119
MET_22,EQ_WAFER_120
MET_22,EQ_WAFER_121
MET_22,EQ_WAFER_122
MET_22,EQ_WAFER_123
MET_22,EQ_WAFER_124
MET_22,EQ_WAFER_125
MET_22,EQ_WAFER_126
MET_22,EQ_WAFER_127
MET_22,EQ_WAFER_128
MET_22,EQ_WAFER_129
MET_22,EQ_WAFER_130
MET_23,EQ_LOT_6
MET_23,EQ_LOT_71
MET_23,EQ_LOT_72
MET_23,EQ_LOT_73
MET_23,EQ_LOT_74
MET_23,EQ_WAFER_333
MET_24,EQ_LOT_60
MET_24,EQ_LOT_61
MET_24,EQ_LOT_62
MET_24,EQ_LOT_63
MET_24,EQ_LOT_64
MET_24,EQ_LOT_65
MET_24,EQ_LOT_66
MET_24,EQ_LOT_67
MET_26,EQ_LOT_6
MET_26,EQ_LOT_60
MET_26,EQ_LOT_61
MET_26,EQ_LOT_62
MET_26,EQ_LOT_63
MET_26,EQ_LOT_64
MET_26,EQ_LOT_65
MET_26,EQ_LOT_66
MET_26,EQ_LOT_67
MET_1,EQ_WAFER_250
MET_1,EQ_WAFER_255
MET_1,EQ_WAFER_251
MET_1,EQ_WAFER_252
MET_1,EQ_WAFER_253
MET_1,EQ_WAFER_254
MET_1,EQ_LOT_23
MET_27,EQ_LOT_14
MET_27,EQ_LOT_15
MET_27,EQ_LOT_17
MET_27,EQ_LOT_6
MET_27,EQ_LOT_18
MET_27,EQ_LOT_19
MET_27,EQ_LOT_20
MET_27,EQ_LOT_21
MET_27,EQ_LOT_7
MET_27,EQ_LOT_8
MET_27,EQ_LOT_9
MET_27,EQ_LOT_10
MET_27,EQ_LOT_13
MET_27,EQ_LOT_22
MET_27,EQ_LOT_23
MET_27,EQ_LOT_24
MET_27,EQ_LOT_25
MET_27,EQ_LOT_26
MET_27,EQ_LOT_108
MET_28,EQ_LOT_127
MET_28,EQ_LOT_128
MET_28,EQ_LOT_129
MET_29,EQ_LOT_53
MET_29,EQ_LOT_54
MET_29,EQ_LOT_55
MET_30,EQ_WAFER_205
MET_30,EQ_LOT_6
MET_30,EQ_LOT_68
MET_30,EQ_LOT_69
MET_30,EQ_LOT_58
MET_30,EQ_LOT_59
MET_31,EQ_WAFER_287
MET_31,EQ_LOT_6
MET_31,EQ_WAFER_518
MET_31,EQ_WAFER_493
MET_31,EQ_WAFER_494
MET_31,EQ_WAFER_496
MET_31,EQ_WAFER_497
MET_31,EQ_WAFER_498
MET_31,EQ_WAFER_499
MET_31,EQ_WAFER_501
MET_31,EQ_WAFER_502
MET_31,EQ_WAFER_503
MET_31,EQ_WAFER_505
MET_31,EQ_WAFER_506
MET_31,EQ_WAFER_507
MET_31,EQ_WAFER_508
MET_31,EQ_WAFER_509
MET_31,EQ_WAFER_511
MET_31,EQ_WAFER_512
MET_31,EQ_WAFER_513
MET_31,EQ_WAFER_514
MET_31,EQ_WAFER_515
MET_31,EQ_WAFER_516
MET_32,EQ_WAFER_287
MET_32,EQ_WAFER_518
MET_32,EQ_LOT_142
MET_32,EQ_WAFER_493
MET_32,EQ_WAFER_496
MET_32,EQ_WAFER_497
MET_32,EQ_WAFER_498
MET_32,EQ_WAFER_499
MET_32,EQ_WAFER_501
MET_32,EQ_WAFER_502
MET_32,EQ_WAFER_503
MET_32,EQ_WAFER_505
MET_32,EQ_WAFER_506
MET_32,EQ_WAFER_507
MET_32,EQ_WAFER_508
MET_32,EQ_WAFER_511
MET_32,EQ_WAFER_512
MET_32,EQ_WAFER_513
MET_32,EQ_WAFER_514
MET_32,EQ_WAFER_515
MET_33,EQ_LOT_142
MET_33,EQ_LOT_132
MET_33,EQ_WAFER_492
MET_33,EQ_WAFER_493
MET_33,EQ_WAFER_494
MET_33,EQ_WAFER_496
MET_33,EQ_WAFER_497
MET_33,EQ_WAFER_499
MET_33,EQ_WAFER_500
MET_33,EQ_WAFER_501
MET_33,EQ_WAFER_502
MET_33,EQ_WAFER_504
MET_33,EQ_WAFER_511
MET_34,EQ_WAFER_287
MET_34,EQ_LOT_6
MET_34,EQ_WAFER_518
MET_34,EQ_LOT_142
MET_34,EQ_LOT_132
MET_34,EQ_WAFER_492
MET_34,EQ_WAFER_493
MET_34,EQ_WAFER_494
MET_34,EQ_WAFER_495
MET_34,EQ_WAFER_496
MET_34,EQ_WAFER_497
MET_34,EQ_WAFER_498
MET_34,EQ_WAFER_523
MET_34,EQ_WAFER_499
MET_34,EQ_WAFER_500
MET_34,EQ_WAFER_525
MET_34,EQ_WAFER_501
MET_34,EQ_WAFER_502
MET_34,EQ_WAFER_526
MET_34,EQ_WAFER_503
MET_34,EQ_WAFER_527
MET_34,EQ_WAFER_504
MET_34,EQ_WAFER_505
MET_34,EQ_WAFER_506
MET_34,EQ_WAFER_507
MET_34,EQ_WAFER_508
MET_34,EQ_WAFER_528
MET_34,EQ_WAFER_529
MET_34,EQ_WAFER_509
MET_34,EQ_WAFER_510
MET_34,EQ_WAFER_530
MET_34,EQ_WAFER_511
MET_34,EQ_WAFER_512
MET_34,EQ_WAFER_531
MET_34,EQ_WAFER_513
MET_34,EQ_WAFER_514
MET_34,EQ_WAFER_515
MET_34,EQ_WAFER_532
MET_34,EQ_WAFER_533
MET_34,EQ_WAFER_516
MET_35,EQ_WAFER_522
MET_35,EQ_WAFER_524
MET_35,EQ_WAFER_526
MET_35,EQ_WAFER_532
PROC_5,EQ_WAFER_287
PROC_5,EQ_WAFER_521
PROC_5,EQ_WAFER_523
PROC_5,EQ_WAFER_525
PROC_5,EQ_WAFER_527
PROC_5,EQ_WAFER_528
PROC_5,EQ_WAFER_529
PROC_5,EQ_WAFER_530
PROC_5,EQ_WAFER_531
PROC_5,EQ_WAFER_532
PROC_5,EQ_WAFER_533
MET_14,EQ_LOT_6
MET_2,EQ_LOT_140
MET_2,EQ_LOT_137
MET_2,EQ_LOT_138
MET_2,EQ_LOT_139
MET_37,EQ_WAFER_366
MET_37,EQ_LOT_1
MET_37,EQ_LOT_2
MET_38,EQ_LOT_6
MET_38,EQ_LOT_133
MET_38,EQ_WAFER_397
MET_39,EQ_WAFER_388
MET_39,EQ_LOT_6
MET_39,EQ_WAFER_387
MET_39,EQ_WAFER_600
MET_39,EQ_LOT_115
MET_39,EQ_LOT_116
MET_39,EQ_LOT_117
MET_39,EQ_LOT_118
MET_39,EQ_LOT_119
MET_39,EQ_LOT_120
MET_39,EQ_LOT_121
MET_39,EQ_LOT_122
MET_39,EQ_LOT_123
MET_39,EQ_LOT_124
MET_39,EQ_LOT_125
MET_39,EQ_LOT_126
PROC_6,EQ_LOT_6
PROC_7,EQ_WAFER_2
PROC_7,EQ_WAFER_3
PROC_7,EQ_WAFER_4
PROC_7,EQ_WAFER_5
PROC_7,EQ_WAFER_6
PROC_7,EQ_WAFER_7
PROC_7,EQ_WAFER_8
PROC_7,EQ_WAFER_9
PROC_7,EQ_WAFER_10
PROC_7,EQ_WAFER_11
PROC_7,EQ_WAFER_12
PROC_7,EQ_WAFER_13
PROC_7,EQ_WAFER_14
PROC_7,EQ_WAFER_15
PROC_7,EQ_WAFER_16
PROC_7,EQ_WAFER_17
PROC_7,EQ_WAFER_18
PROC_7,EQ_WAFER_19
PROC_7,EQ_WAFER_20
PROC_7,EQ_WAFER_21
PROC_7,EQ_WAFER_22
PROC_7,EQ_WAFER_23
PROC_7,EQ_WAFER_24
PROC_7,EQ_WAFER_25
WET_6,EQ_LOT_6
WET_6,EQ_BATCH_304
WET_6,EQ_BATCH_305
WET_6,EQ_BATCH_306
WET_6,EQ_BATCH_298
WET_6,EQ_BATCH_307
WET_6,EQ_BATCH_308
WET_6,EQ_BATCH_309
WET_6,EQ_BATCH_310
WET_6,EQ_BATCH_311
WET_6,EQ_BATCH_312
WET_6,EQ_BATCH_313
WET_6,EQ_BATCH_314
WET_6,EQ_BATCH_315
WET_6,EQ_BATCH_316
WET_6,EQ_BATCH_317
WET_6,EQ_BATCH_318
WET_6,EQ_BATCH_319
WET_6,EQ_BATCH_320
WET_6,EQ_BATCH_321
WET_7,EQ_BATCH_357
WET_7,EQ_BATCH_358
WET_7,EQ_BATCH_359
WET_7,EQ_BATCH_360
WET_7,EQ_BATCH_361
WET_7,EQ_BATCH_362
WET_7,EQ_BATCH_363
WET_8,EQ_BATCH_374
WET_8,EQ_BATCH_375
WET_8,EQ_LOT_6
WET_8,EQ_WAFER_441
WET_8,EQ_WAFER_405
WET_8,EQ_WAFER_442
WET_8,EQ_WAFER_443
WET_8,EQ_WAFER_444
WET_8,EQ_LOT_141
WET_9,EQ_LOT_109
WET_9,EQ_LOT_110
WET_9,EQ_LOT_111
WET_9,EQ_LOT_112
WET_9,EQ_LOT_113
WET_9,EQ_WAFER_361
WET_9,EQ_WAFER_362
WET_9,EQ_LOT_114
WET_9,EQ_WAFER_363
WET_9,EQ_WAFER_364
WET_9,EQ_WAFER_365
WET_9,EQ_LOT_143
WET_10,EQ_LOT_110
WET_10,EQ_LOT_114
WET_10,EQ_WAFER_363
WET_10,EQ_WAFER_364
WET_10,EQ_WAFER_365
WET_11,EQ_WAFER_406
WET_11,EQ_WAFER_407
WET_11,EQ_WAFER_408
WET_11,EQ_WAFER_409
WET_11,EQ_BATCH_376
WET_11,EQ_BATCH_377
WET_11,EQ_BATCH_378
WET_13,EQ_LOT_6
WET_13,EQ_BATCH_314
WET_13,EQ_BATCH_322
WET_13,EQ_BATCH_323
WET_13,EQ_BATCH_324
WET_13,EQ_BATCH_325
WET_13,EQ_BATCH_326
WET_14,EQ_BATCH_379
WET_14,EQ_BATCH_380
WET_14,EQ_BATCH_381
WET_14,EQ_BATCH_385
WET_14,EQ_BATCH_386
WET_14,EQ_BATCH_387
WET_14,EQ_BATCH_389
WET_15,EQ_BATCH_382
WET_15,EQ_BATCH_383
WET_15,EQ_BATCH_384
WET_15,EQ_BATCH_388
WET_16,EQ_LOT_6
WET_16,EQ_BATCH_322
WET_16,EQ_BATCH_323
WET_16,EQ_BATCH_324
WET_16,EQ_BATCH_327
WET_16,EQ_BATCH_328
WET_16,EQ_BATCH_329
WET_16,EQ_BATCH_330
WET_16,EQ_BATCH_331
WET_16,EQ_BATCH_332
WET_16,EQ_BATCH_333
WET_16,EQ_BATCH_334
WET_17,EQ_BATCH_302
WET_17,EQ_BATCH_303
WET_18,EQ_WAFER_415
WET_18,EQ_WAFER_416
WET_18,EQ_WAFER_417
WET_18,EQ_WAFER_418
WET_18,EQ_LOT_6
WET_18,EQ_WAFER_419
WET_18,EQ_WAFER_420
WET_18,EQ_WAFER_421
WET_18,EQ_WAFER_422
WET_18,EQ_WAFER_423
WET_18,EQ_WAFER_425
WET_18,EQ_WAFER_426
WET_18,EQ_WAFER_427
WET_18,EQ_WAFER_428
WET_18,EQ_WAFER_429
WET_18,EQ_WAFER_430
WET_18,EQ_WAFER_431
WET_19,EQ_LOT_6
WET_19,EQ_WAFER_421
WET_19,EQ_WAFER_422
WET_19,EQ_WAFER_423
WET_19,EQ_WAFER_424
WET_19,EQ_WAFER_431
WET_19,EQ_WAFER_432
WET_20,EQ_WAFER_433
WET_20,EQ_WAFER_434
WET_20,EQ_LOT_6
WET_20,EQ_WAFER_435
WET_20,EQ_WAFER_436
WET_20,EQ_WAFER_437
WET_20,EQ_WAFER_438
WET_20,EQ_WAFER_439
WET_20,EQ_WAFER_440
WET_21,EQ_BATCH_299
WET_21,EQ_BATCH_300
WET_21,EQ_BATCH_301
WET_21,EQ_WAFER_406
WET_21,EQ_WAFER_407
WET_21,EQ_WAFER_408
WET_21,EQ_WAFER_409
WET_21,EQ_BATCH_376
WET_21,EQ_BATCH_377
WET_21,EQ_BATCH_378
PROC_8,EQ_WAFER_1
PROC_8,EQ_WAFER_26
PROC_8,EQ_WAFER_27
PROC_8,EQ_WAFER_182
PROC_8,EQ_WAFER_183
PROC_8,EQ_WAFER_184
PROC_8,EQ_WAFER_185
PROC_8,EQ_WAFER_186
PROC_8,EQ_LOT_6
PROC_8,EQ_WAFER_394
PROC_8,EQ_WAFER_395
PROC_8,EQ_WAFER_517
PROC_8,EQ_WAFER_518
PROC_8,EQ_WAFER_201
PROC_8,EQ_WAFER_187
PROC_8,EQ_WAFER_257
PROC_8,EQ_WAFER_392
PROC_8,EQ_WAFER_339
PROC_8,EQ_WAFER_188
PROC_8,EQ_WAFER_189
PROC_8,EQ_WAFER_190
PROC_8,EQ_WAFER_202
PROC_8,EQ_WAFER_191
PROC_8,EQ_WAFER_192
PROC_8,EQ_WAFER_193
PROC_8,EQ_WAFER_194
PROC_8,EQ_WAFER_195
PROC_8,EQ_WAFER_196
PROC_8,EQ_WAFER_197
PROC_8,EQ_WAFER_199
PROC_8,EQ_BATCH_8
PROC_8,EQ_BATCH_9
PROC_8,EQ_BATCH_10
PROC_8,EQ_BATCH_12
PROC_8,EQ_BATCH_14
PROC_8,EQ_BATCH_18
PROC_8,EQ_BATCH_20
PROC_8,EQ_BATCH_25
PROC_8,EQ_BATCH_28
PROC_8,EQ_BATCH_29
PROC_8,EQ_BATCH_30
PROC_8,EQ_BATCH_31
PROC_8,EQ_BATCH_33
PROC_8,EQ_BATCH_34
PROC_8,EQ_BATCH_37
PROC_8,EQ_BATCH_39
PROC_8,EQ_BATCH_46
PROC_8,EQ_BATCH_54
PROC_8,EQ_BATCH_56
PROC_8,EQ_BATCH_62
PROC_8,EQ_BATCH_63
PROC_8,EQ_BATCH_66
PROC_8,EQ_BATCH_67
PROC_8,EQ_BATCH_68
PROC_8,EQ_BATCH_69
PROC_8,EQ_BATCH_70
PROC_8,EQ_BATCH_74
PROC_8,EQ_BATCH_75
PROC_8,EQ_BATCH_77
PROC_8,EQ_BATCH_78
PROC_8,EQ_BATCH_83
PROC_8,EQ_BATCH_84
PROC_8,EQ_BATCH_85
PROC_8,EQ_BATCH_93
PROC_8,EQ_BATCH_94
PROC_8,EQ_BATCH_95
PROC_8,EQ_BATCH_97
PROC_8,EQ_BATCH_101
PROC_8,EQ_BATCH_104
PROC_8,EQ_BATCH_105
PROC_8,EQ_BATCH_109
PROC_8,EQ_BATCH_110
PROC_8,EQ_BATCH_111
PROC_8,EQ_BATCH_117
PROC_8,EQ_BATCH_121
PROC_8,EQ_BATCH_141
PROC_8,EQ_BATCH_146
PROC_8,EQ_BATCH_152
PROC_8,EQ_BATCH_153
PROC_8,EQ_BATCH_154
PROC_8,EQ_BATCH_155
PROC_8,EQ_BATCH_156
PROC_8,EQ_BATCH_157
PROC_8,EQ_BATCH_158
PROC_8,EQ_BATCH_159
PROC_8,EQ_BATCH_160
PROC_8,EQ_BATCH_161
PROC_8,EQ_BATCH_162
PROC_8,EQ_BATCH_163
PROC_8,EQ_BATCH_164
PROC_8,EQ_BATCH_165
PROC_8,EQ_BATCH_166
PROC_8,EQ_BATCH_167
PROC_8,EQ_BATCH_168
PROC_8,EQ_BATCH_169
PROC_8,EQ_BATCH_170
PROC_8,EQ_BATCH_171
PROC_8,EQ_BATCH_172
PROC_8,EQ_BATCH_173
PROC_8,EQ_BATCH_174
PROC_8,EQ_BATCH_175
PROC_8,EQ_BATCH_176
PROC_8,EQ_BATCH_177
PROC_8,EQ_BATCH_178
PROC_8,EQ_BATCH_179
PROC_8,EQ_BATCH_180
PROC_8,EQ_BATCH_181
PROC_8,EQ_BATCH_182
PROC_8,EQ_BATCH_183
PROC_8,EQ_BATCH_184
PROC_8,EQ_BATCH_185
PROC_8,EQ_BATCH_186
PROC_8,EQ_BATCH_187
PROC_8,EQ_BATCH_188
PROC_8,EQ_BATCH_189
PROC_8,EQ_BATCH_190
PROC_8,EQ_BATCH_191
PROC_8,EQ_BATCH_192
PROC_8,EQ_BATCH_193
PROC_8,EQ_BATCH_194
PROC_8,EQ_BATCH_195
PROC_8,EQ_BATCH_196
PROC_8,EQ_BATCH_197
PROC_8,EQ_BATCH_198
PROC_8,EQ_BATCH_199
PROC_8,EQ_BATCH_200
PROC_8,EQ_BATCH_201
PROC_8,EQ_BATCH_202
PROC_8,EQ_BATCH_203
PROC_8,EQ_BATCH_204
PROC_8,EQ_BATCH_205
PROC_8,EQ_BATCH_206
PROC_8,EQ_BATCH_207
PROC_8,EQ_BATCH_208
PROC_8,EQ_BATCH_209
PROC_8,EQ_BATCH_210
PROC_8,EQ_BATCH_211
PROC_8,EQ_BATCH_212
PROC_8,EQ_BATCH_213
PROC_8,EQ_BATCH_214
PROC_8,EQ_BATCH_215
PROC_8,EQ_BATCH_216
PROC_8,EQ_BATCH_217
PROC_8,EQ_BATCH_218
PROC_8,EQ_BATCH_219
PROC_8,EQ_BATCH_220
PROC_8,EQ_BATCH_221
PROC_8,EQ_BATCH_222
PROC_8,EQ_BATCH_223
PROC_8,EQ_BATCH_224
PROC_8,EQ_BATCH_225
PROC_8,EQ_BATCH_226
PROC_8,EQ_BATCH_227
PROC_8,EQ_BATCH_228
PROC_8,EQ_BATCH_229
PROC_8,EQ_BATCH_230
PROC_8,EQ_BATCH_231
PROC_8,EQ_BATCH_232
PROC_8,EQ_BATCH_236
PROC_8,EQ_BATCH_237
PROC_8,EQ_BATCH_239
PROC_8,EQ_BATCH_241
PROC_8,EQ_BATCH_242
PROC_8,EQ_BATCH_244
PROC_8,EQ_BATCH_245
PROC_8,EQ_BATCH_246
PROC_8,EQ_BATCH_247
PROC_8,EQ_BATCH_248
PROC_8,EQ_BATCH_249
PROC_8,EQ_BATCH_250
PROC_8,EQ_BATCH_251
PROC_8,EQ_BATCH_252
PROC_8,EQ_BATCH_253
PROC_8,EQ_BATCH_254
PROC_8,EQ_BATCH_255
PROC_8,EQ_BATCH_256
PROC_8,EQ_BATCH_257
PROC_8,EQ_BATCH_258
PROC_8,EQ_BATCH_259
PROC_8,EQ_BATCH_260
PROC_8,EQ_BATCH_261
PROC_8,EQ_BATCH_262
PROC_8,EQ_BATCH_263
PROC_8,EQ_BATCH_264
PROC_8,EQ_BATCH_265
PROC_8,EQ_BATCH_266
PROC_8,EQ_BATCH_267
PROC_8,EQ_BATCH_268
PROC_8,EQ_BATCH_269
PROC_8,EQ_BATCH_270
PROC_8,EQ_BATCH_271
PROC_8,EQ_BATCH_272
PROC_8,EQ_BATCH_273
PROC_8,EQ_BATCH_274
PROC_8,EQ_BATCH_275
PROC_8,EQ_BATCH_276
PROC_8,EQ_BATCH_277
PROC_8,EQ_BATCH_278
PROC_8,EQ_BATCH_279
PROC_8,EQ_BATCH_280
PROC_8,EQ_BATCH_281
PROC_8,EQ_BATCH_282
PROC_8,EQ_BATCH_283
PROC_8,EQ_BATCH_285
PROC_8,EQ_BATCH_286
PROC_8,EQ_BATCH_287
PROC_8,EQ_BATCH_289
PROC_8,EQ_BATCH_290
PROC_8,EQ_BATCH_291
PROC_8,EQ_BATCH_292
PROC_8,EQ_BATCH_294
PROC_8,EQ_LOT_142
PROC_8,EQ_WAFER_493
PROC_8,EQ_WAFER_494
PROC_8,EQ_WAFER_503
PROC_8,EQ_WAFER_527
PROC_8,EQ_WAFER_512
PROC_8,EQ_WAFER_513
PROC_8,EQ_WAFER_471
