EQPT_ID,POLICY,RANK
EQ_WAFER_1,PrioritizeQueueTimeConstraint,1
EQ_WAFER_26,PrioritizeQueueTimeConstraint,1
EQ_WAFER_27,PrioritizeQueueTimeConstraint,1
EQ_WAFER_343,PrioritizeQueueTimeConstraint,1
EQ_WAFER_473,PrioritizeQueueTimeConstraint,1
EQ_WAFER_474,PrioritizeQueueTimeConstraint,1
EQ_WAFER_132,PrioritizeQueueTimeConstraint,1
EQ_BATCH_296,PrioritizeQueueTimeConstraint,1
EQ_WAFER_356,PrioritizeQueueTimeConstraint,1
EQ_BATCH_297,PrioritizeQueueTimeConstraint,1
EQ_BATCH_335,PrioritizeQueueTimeConstraint,1
EQ_LOT_32,PrioritizeQueueTimeConstraint,1
EQ_WAFER_206,PrioritizeQueueTimeConstraint,1
EQ_WAFER_479,PrioritizeQueueTimeConstraint,1
EQ_WAFER_480,PrioritizeQueueTimeConstraint,1
EQ_WAFER_481,PrioritizeQueueTimeConstraint,1
EQ_WAFER_336,PrioritizeQueueTimeConstraint,1
EQ_WAFER_334,PrioritizeQueueTimeConstraint,1
EQ_WAFER_335,PrioritizeQueueTimeConstraint,1
EQ_WAFER_634,PrioritizeQueueTimeConstraint,1
EQ_WAFER_635,PrioritizeQueueTimeConstraint,1
EQ_WAFER_205,PrioritizeQueueTimeConstraint,1
EQ_WAFER_388,PrioritizeQueueTimeConstraint,1
EQ_LOT_14,PrioritizeQueueTimeConstraint,1
EQ_LOT_15,PrioritizeQueueTimeConstraint,1
EQ_LOT_16,PrioritizeQueueTimeConstraint,1
EQ_LOT_28,PrioritizeQueueTimeConstraint,1
EQ_WAFER_519,PrioritizeQueueTimeConstraint,1
EQ_WAFER_520,PrioritizeQueueTimeConstraint,1
EQ_BATCH_354,PrioritizeQueueTimeConstraint,1
EQ_WAFER_117,PrioritizeQueueTimeConstraint,1
EQ_WAFER_118,PrioritizeQueueTimeConstraint,1
EQ_WAFER_366,PrioritizeQueueTimeConstraint,1
EQ_WAFER_367,PrioritizeQueueTimeConstraint,1
EQ_WAFER_543,PrioritizeQueueTimeConstraint,1
EQ_WAFER_490,PrioritizeQueueTimeConstraint,1
EQ_WAFER_491,PrioritizeQueueTimeConstraint,1
EQ_WAFER_207,PrioritizeQueueTimeConstraint,1
EQ_WAFER_208,PrioritizeQueueTimeConstraint,1
EQ_WAFER_250,PrioritizeQueueTimeConstraint,1
EQ_WAFER_180,PrioritizeQueueTimeConstraint,1
EQ_WAFER_181,PrioritizeQueueTimeConstraint,1
EQ_WAFER_182,PrioritizeQueueTimeConstraint,1
EQ_BATCH_371,PrioritizeQueueTimeConstraint,1
EQ_BATCH_372,PrioritizeQueueTimeConstraint,1
EQ_LOT_134,PrioritizeQueueTimeConstraint,1
EQ_LOT_135,PrioritizeQueueTimeConstraint,1
EQ_WAFER_415,PrioritizeQueueTimeConstraint,1
EQ_WAFER_416,PrioritizeQueueTimeConstraint,1
EQ_BATCH_373,PrioritizeQueueTimeConstraint,1
EQ_LOT_136,PrioritizeQueueTimeConstraint,1
EQ_WAFER_103,PrioritizeQueueTimeConstraint,1
EQ_WAFER_104,PrioritizeQueueTimeConstraint,1
EQ_WAFER_105,PrioritizeQueueTimeConstraint,1
EQ_WAFER_106,PrioritizeQueueTimeConstraint,1
EQ_WAFER_107,PrioritizeQueueTimeConstraint,1
EQ_WAFER_108,PrioritizeQueueTimeConstraint,1
EQ_WAFER_109,PrioritizeQueueTimeConstraint,1
EQ_WAFER_110,PrioritizeQueueTimeConstraint,1
EQ_WAFER_111,PrioritizeQueueTimeConstraint,1
EQ_WAFER_112,PrioritizeQueueTimeConstraint,1
EQ_WAFER_373,PrioritizeQueueTimeConstraint,1
EQ_WAFER_374,PrioritizeQueueTimeConstraint,1
EQ_WAFER_375,PrioritizeQueueTimeConstraint,1
EQ_WAFER_241,PrioritizeQueueTimeConstraint,1
EQ_WAFER_242,PrioritizeQueueTimeConstraint,1
EQ_WAFER_243,PrioritizeQueueTimeConstraint,1
EQ_WAFER_244,PrioritizeQueueTimeConstraint,1
EQ_WAFER_245,PrioritizeQueueTimeConstraint,1
EQ_WAFER_672,PrioritizeQueueTimeConstraint,1
EQ_WAFER_673,PrioritizeQueueTimeConstraint,1
EQ_WAFER_42,PrioritizeQueueTimeConstraint,1
EQ_LOT_76,PrioritizeQueueTimeConstraint,1
EQ_LOT_77,PrioritizeQueueTimeConstraint,1
EQ_WAFER_640,PrioritizeQueueTimeConstraint,1
EQ_WAFER_641,PrioritizeQueueTimeConstraint,1
EQ_BATCH_4,PrioritizeQueueTimeConstraint,1
EQ_BATCH_5,PrioritizeQueueTimeConstraint,1
EQ_BATCH_126,PrioritizeQueueTimeConstraint,1
EQ_WAFER_636,PrioritizeQueueTimeConstraint,1
EQ_WAFER_637,PrioritizeQueueTimeConstraint,1
EQ_WAFER_398,PrioritizeQueueTimeConstraint,1
EQ_WAFER_399,PrioritizeQueueTimeConstraint,1
EQ_WAFER_350,PrioritizeQueueTimeConstraint,1
EQ_WAFER_344,PrioritizeQueueTimeConstraint,1
EQ_WAFER_417,PrioritizeQueueTimeConstraint,1
EQ_WAFER_418,PrioritizeQueueTimeConstraint,1
EQ_WAFER_433,PrioritizeQueueTimeConstraint,1
EQ_WAFER_434,PrioritizeQueueTimeConstraint,1
EQ_BATCH_374,PrioritizeQueueTimeConstraint,1
EQ_BATCH_375,PrioritizeQueueTimeConstraint,1
EQ_BATCH_355,PrioritizeQueueTimeConstraint,1
EQ_BATCH_356,PrioritizeQueueTimeConstraint,1
EQ_WAFER_258,PrioritizeQueueTimeConstraint,1
EQ_WAFER_259,PrioritizeQueueTimeConstraint,1
EQ_WAFER_247,PrioritizeQueueTimeConstraint,1
EQ_BATCH_339,PrioritizeQueueTimeConstraint,1
EQ_WAFER_246,PrioritizeQueueTimeConstraint,1
EQ_WAFER_183,PrioritizeQueueTimeConstraint,1
EQ_WAFER_184,PrioritizeQueueTimeConstraint,1
EQ_WAFER_185,PrioritizeQueueTimeConstraint,1
EQ_WAFER_186,PrioritizeQueueTimeConstraint,1
EQ_WAFER_446,PrioritizeQueueTimeConstraint,1
EQ_WAFER_447,PrioritizeQueueTimeConstraint,1
EQ_WAFER_448,PrioritizeQueueTimeConstraint,1
EQ_WAFER_449,PrioritizeQueueTimeConstraint,1
EQ_WAFER_450,PrioritizeQueueTimeConstraint,1
EQ_WAFER_298,PrioritizeQueueTimeConstraint,1
EQ_WAFER_306,PrioritizeQueueTimeConstraint,1
EQ_WAFER_307,PrioritizeQueueTimeConstraint,1
EQ_WAFER_308,PrioritizeQueueTimeConstraint,1
EQ_WAFER_596,PrioritizeQueueTimeConstraint,1
EQ_WAFER_597,PrioritizeQueueTimeConstraint,1
EQ_WAFER_598,PrioritizeQueueTimeConstraint,1
EQ_WAFER_599,PrioritizeQueueTimeConstraint,1
EQ_WAFER_260,PrioritizeQueueTimeConstraint,1
EQ_BATCH_6,PrioritizeQueueTimeConstraint,1
EQ_BATCH_7,PrioritizeQueueTimeConstraint,1
EQ_LOT_131,PrioritizeQueueTimeConstraint,1
EQ_WAFER_248,PrioritizeQueueTimeConstraint,1
EQ_WAFER_249,PrioritizeQueueTimeConstraint,1
EQ_WAFER_668,PrioritizeQueueTimeConstraint,1
EQ_LOT_17,PrioritizeQueueTimeConstraint,1
EQ_WAFER_287,PrioritizeQueueTimeConstraint,1
EQ_WAFER_133,PrioritizeQueueTimeConstraint,1
EQ_WAFER_475,PrioritizeQueueTimeConstraint,1
EQ_WAFER_476,PrioritizeQueueTimeConstraint,1
EQ_WAFER_477,PrioritizeQueueTimeConstraint,1
EQ_WAFER_478,PrioritizeQueueTimeConstraint,1
EQ_WAFER_482,PrioritizeQueueTimeConstraint,1
EQ_BATCH_2,PrioritizeQueueTimeConstraint,1
EQ_BATCH_3,PrioritizeQueueTimeConstraint,1
EQ_WAFER_669,PrioritizeQueueTimeConstraint,1
EQ_WAFER_670,PrioritizeQueueTimeConstraint,1
EQ_WAFER_671,PrioritizeQueueTimeConstraint,1
EQ_WAFER_394,PrioritizeQueueTimeConstraint,1
EQ_WAFER_395,PrioritizeQueueTimeConstraint,1
EQ_WAFER_579,PrioritizeQueueTimeConstraint,1
EQ_WAFER_580,PrioritizeQueueTimeConstraint,1
EQ_WAFER_581,PrioritizeQueueTimeConstraint,1
EQ_LOT_3,PrioritizeQueueTimeConstraint,1
EQ_LOT_4,PrioritizeQueueTimeConstraint,1
EQ_LOT_5,PrioritizeQueueTimeConstraint,1
EQ_WAFER_177,PrioritizeQueueTimeConstraint,1
EQ_WAFER_178,PrioritizeQueueTimeConstraint,1
EQ_WAFER_179,PrioritizeQueueTimeConstraint,1
EQ_LOT_44,PrioritizeQueueTimeConstraint,1
EQ_WAFER_389,PrioritizeQueueTimeConstraint,1
EQ_LOT_75,PrioritizeQueueTimeConstraint,1
EQ_LOT_27,PrioritizeQueueTimeConstraint,1
EQ_BATCH_364,PrioritizeQueueTimeConstraint,1
EQ_BATCH_365,PrioritizeQueueTimeConstraint,1
EQ_BATCH_366,PrioritizeQueueTimeConstraint,1
EQ_BATCH_367,PrioritizeQueueTimeConstraint,1
EQ_BATCH_368,PrioritizeQueueTimeConstraint,1
EQ_BATCH_336,PrioritizeQueueTimeConstraint,1
EQ_BATCH_337,PrioritizeQueueTimeConstraint,1
EQ_BATCH_338,PrioritizeQueueTimeConstraint,1
EQ_WAFER_383,PrioritizeQueueTimeConstraint,1
EQ_WAFER_384,PrioritizeQueueTimeConstraint,1
EQ_WAFER_385,PrioritizeQueueTimeConstraint,1
EQ_WAFER_386,PrioritizeQueueTimeConstraint,1
EQ_BATCH_1,PrioritizeQueueTimeConstraint,1
EQ_BATCH_127,PrioritizeQueueTimeConstraint,1
EQ_BATCH_128,PrioritizeQueueTimeConstraint,1
EQ_WAFER_309,PrioritizeQueueTimeConstraint,1
EQ_LOT_11,PrioritizeQueueTimeConstraint,1
EQ_LOT_12,PrioritizeQueueTimeConstraint,1
EQ_WAFER_57,PrioritizeQueueTimeConstraint,1
EQ_LOT_52,PrioritizeQueueTimeConstraint,1
EQ_BATCH_369,PrioritizeQueueTimeConstraint,1
EQ_BATCH_370,PrioritizeQueueTimeConstraint,1
EQ_WAFER_517,PrioritizeQueueTimeConstraint,1
EQ_WAFER_518,PrioritizeQueueTimeConstraint,1
EQ_WAFER_410,PrioritizeQueueTimeConstraint,1
EQ_WAFER_411,PrioritizeQueueTimeConstraint,1
EQ_WAFER_412,PrioritizeQueueTimeConstraint,1
EQ_WAFER_413,PrioritizeQueueTimeConstraint,1
EQ_WAFER_483,PrioritizeQueueTimeConstraint,1
EQ_WAFER_200,PrioritizeQueueTimeConstraint,1
EQ_WAFER_201,PrioritizeQueueTimeConstraint,1
EQ_WAFER_187,PrioritizeQueueTimeConstraint,1
EQ_WAFER_619,PrioritizeQueueTimeConstraint,1
EQ_WAFER_582,PrioritizeQueueTimeConstraint,1
EQ_WAFER_583,PrioritizeQueueTimeConstraint,1
EQ_WAFER_584,PrioritizeQueueTimeConstraint,1
EQ_WAFER_585,PrioritizeQueueTimeConstraint,1
EQ_WAFER_387,PrioritizeQueueTimeConstraint,1
EQ_WAFER_620,PrioritizeQueueTimeConstraint,1
EQ_BATCH_340,PrioritizeQueueTimeConstraint,1
EQ_BATCH_341,PrioritizeQueueTimeConstraint,1
EQ_WAFER_414,PrioritizeQueueTimeConstraint,1
EQ_WAFER_445,PrioritizeQueueTimeConstraint,1
EQ_WAFER_85,PrioritizeQueueTimeConstraint,1
EQ_WAFER_69,PrioritizeQueueTimeConstraint,1
EQ_WAFER_70,PrioritizeQueueTimeConstraint,1
EQ_WAFER_71,PrioritizeQueueTimeConstraint,1
EQ_WAFER_72,PrioritizeQueueTimeConstraint,1
EQ_WAFER_73,PrioritizeQueueTimeConstraint,1
EQ_WAFER_74,PrioritizeQueueTimeConstraint,1
EQ_WAFER_75,PrioritizeQueueTimeConstraint,1
EQ_WAFER_86,PrioritizeQueueTimeConstraint,1
EQ_WAFER_76,PrioritizeQueueTimeConstraint,1
EQ_WAFER_77,PrioritizeQueueTimeConstraint,1
EQ_WAFER_78,PrioritizeQueueTimeConstraint,1
EQ_WAFER_79,PrioritizeQueueTimeConstraint,1
EQ_WAFER_80,PrioritizeQueueTimeConstraint,1
EQ_WAFER_81,PrioritizeQueueTimeConstraint,1
EQ_WAFER_82,PrioritizeQueueTimeConstraint,1
EQ_WAFER_83,PrioritizeQueueTimeConstraint,1
EQ_WAFER_84,PrioritizeQueueTimeConstraint,1
EQ_WAFER_87,PrioritizeQueueTimeConstraint,1
EQ_WAFER_257,PrioritizeQueueTimeConstraint,1
EQ_WAFER_44,PrioritizeQueueTimeConstraint,1
EQ_WAFER_45,PrioritizeQueueTimeConstraint,1
EQ_WAFER_46,PrioritizeQueueTimeConstraint,1
EQ_WAFER_47,PrioritizeQueueTimeConstraint,1
EQ_WAFER_48,PrioritizeQueueTimeConstraint,1
EQ_WAFER_49,PrioritizeQueueTimeConstraint,1
EQ_WAFER_50,PrioritizeQueueTimeConstraint,1
EQ_WAFER_51,PrioritizeQueueTimeConstraint,1
EQ_WAFER_52,PrioritizeQueueTimeConstraint,1
EQ_WAFER_53,PrioritizeQueueTimeConstraint,1
EQ_WAFER_54,PrioritizeQueueTimeConstraint,1
EQ_WAFER_55,PrioritizeQueueTimeConstraint,1
EQ_WAFER_56,PrioritizeQueueTimeConstraint,1
EQ_WAFER_271,PrioritizeQueueTimeConstraint,1
EQ_WAFER_272,PrioritizeQueueTimeConstraint,1
EQ_WAFER_273,PrioritizeQueueTimeConstraint,1
EQ_WAFER_376,PrioritizeQueueTimeConstraint,1
EQ_WAFER_377,PrioritizeQueueTimeConstraint,1
EQ_WAFER_378,PrioritizeQueueTimeConstraint,1
EQ_WAFER_379,PrioritizeQueueTimeConstraint,1
EQ_WAFER_274,PrioritizeQueueTimeConstraint,1
EQ_WAFER_380,PrioritizeQueueTimeConstraint,1
EQ_WAFER_381,PrioritizeQueueTimeConstraint,1
EQ_WAFER_299,PrioritizeQueueTimeConstraint,1
EQ_WAFER_300,PrioritizeQueueTimeConstraint,1
EQ_WAFER_301,PrioritizeQueueTimeConstraint,1
EQ_WAFER_302,PrioritizeQueueTimeConstraint,1
EQ_WAFER_303,PrioritizeQueueTimeConstraint,1
EQ_WAFER_304,PrioritizeQueueTimeConstraint,1
EQ_WAFER_305,PrioritizeQueueTimeConstraint,1
EQ_WAFER_651,PrioritizeQueueTimeConstraint,1
EQ_WAFER_652,PrioritizeQueueTimeConstraint,1
EQ_WAFER_653,PrioritizeQueueTimeConstraint,1
EQ_WAFER_310,PrioritizeQueueTimeConstraint,1
EQ_WAFER_311,PrioritizeQueueTimeConstraint,1
EQ_WAFER_312,PrioritizeQueueTimeConstraint,1
EQ_WAFER_313,PrioritizeQueueTimeConstraint,1
EQ_WAFER_314,PrioritizeQueueTimeConstraint,1
EQ_WAFER_315,PrioritizeQueueTimeConstraint,1
EQ_WAFER_316,PrioritizeQueueTimeConstraint,1
EQ_WAFER_317,PrioritizeQueueTimeConstraint,1
EQ_WAFER_318,PrioritizeQueueTimeConstraint,1
EQ_WAFER_319,PrioritizeQueueTimeConstraint,1
EQ_WAFER_320,PrioritizeQueueTimeConstraint,1
EQ_WAFER_321,PrioritizeQueueTimeConstraint,1
EQ_WAFER_322,PrioritizeQueueTimeConstraint,1
EQ_WAFER_323,PrioritizeQueueTimeConstraint,1
EQ_WAFER_324,PrioritizeQueueTimeConstraint,1
EQ_WAFER_325,PrioritizeQueueTimeConstraint,1
EQ_WAFER_326,PrioritizeQueueTimeConstraint,1
EQ_WAFER_327,PrioritizeQueueTimeConstraint,1
EQ_WAFER_328,PrioritizeQueueTimeConstraint,1
EQ_WAFER_329,PrioritizeQueueTimeConstraint,1
EQ_WAFER_330,PrioritizeQueueTimeConstraint,1
EQ_WAFER_331,PrioritizeQueueTimeConstraint,1
EQ_WAFER_28,PrioritizeQueueTimeConstraint,1
EQ_WAFER_29,PrioritizeQueueTimeConstraint,1
EQ_WAFER_30,PrioritizeQueueTimeConstraint,1
EQ_WAFER_31,PrioritizeQueueTimeConstraint,1
EQ_WAFER_32,PrioritizeQueueTimeConstraint,1
EQ_WAFER_33,PrioritizeQueueTimeConstraint,1
EQ_WAFER_34,PrioritizeQueueTimeConstraint,1
EQ_WAFER_35,PrioritizeQueueTimeConstraint,1
EQ_WAFER_36,PrioritizeQueueTimeConstraint,1
EQ_WAFER_37,PrioritizeQueueTimeConstraint,1
EQ_WAFER_38,PrioritizeQueueTimeConstraint,1
EQ_WAFER_39,PrioritizeQueueTimeConstraint,1
EQ_WAFER_40,PrioritizeQueueTimeConstraint,1
EQ_WAFER_41,PrioritizeQueueTimeConstraint,1
EQ_WAFER_534,PrioritizeQueueTimeConstraint,1
EQ_WAFER_535,PrioritizeQueueTimeConstraint,1
EQ_WAFER_536,PrioritizeQueueTimeConstraint,1
EQ_WAFER_537,PrioritizeQueueTimeConstraint,1
EQ_WAFER_538,PrioritizeQueueTimeConstraint,1
EQ_WAFER_539,PrioritizeQueueTimeConstraint,1
EQ_WAFER_540,PrioritizeQueueTimeConstraint,1
EQ_WAFER_541,PrioritizeQueueTimeConstraint,1
EQ_WAFER_542,PrioritizeQueueTimeConstraint,1
EQ_LOT_78,PrioritizeQueueTimeConstraint,1
EQ_LOT_79,PrioritizeQueueTimeConstraint,1
EQ_LOT_80,PrioritizeQueueTimeConstraint,1
EQ_LOT_81,PrioritizeQueueTimeConstraint,1
EQ_LOT_82,PrioritizeQueueTimeConstraint,1
EQ_LOT_83,PrioritizeQueueTimeConstraint,1
EQ_LOT_84,PrioritizeQueueTimeConstraint,1
EQ_LOT_85,PrioritizeQueueTimeConstraint,1
EQ_LOT_86,PrioritizeQueueTimeConstraint,1
EQ_LOT_87,PrioritizeQueueTimeConstraint,1
EQ_LOT_88,PrioritizeQueueTimeConstraint,1
EQ_LOT_89,PrioritizeQueueTimeConstraint,1
EQ_LOT_90,PrioritizeQueueTimeConstraint,1
EQ_LOT_91,PrioritizeQueueTimeConstraint,1
EQ_LOT_92,PrioritizeQueueTimeConstraint,1
EQ_LOT_93,PrioritizeQueueTimeConstraint,1
EQ_LOT_94,PrioritizeQueueTimeConstraint,1
EQ_LOT_95,PrioritizeQueueTimeConstraint,1
EQ_LOT_96,PrioritizeQueueTimeConstraint,1
EQ_LOT_97,PrioritizeQueueTimeConstraint,1
EQ_LOT_98,PrioritizeQueueTimeConstraint,1
EQ_LOT_99,PrioritizeQueueTimeConstraint,1
EQ_LOT_100,PrioritizeQueueTimeConstraint,1
EQ_LOT_101,PrioritizeQueueTimeConstraint,1
EQ_LOT_102,PrioritizeQueueTimeConstraint,1
EQ_LOT_103,PrioritizeQueueTimeConstraint,1
EQ_LOT_104,PrioritizeQueueTimeConstraint,1
EQ_LOT_105,PrioritizeQueueTimeConstraint,1
EQ_LOT_106,PrioritizeQueueTimeConstraint,1
EQ_WAFER_341,PrioritizeQueueTimeConstraint,1
EQ_LOT_107,PrioritizeQueueTimeConstraint,1
EQ_WAFER_357,PrioritizeQueueTimeConstraint,1
EQ_WAFER_358,PrioritizeQueueTimeConstraint,1
EQ_WAFER_359,PrioritizeQueueTimeConstraint,1
EQ_WAFER_360,PrioritizeQueueTimeConstraint,1
EQ_WAFER_43,PrioritizeQueueTimeConstraint,1
EQ_WAFER_595,PrioritizeQueueTimeConstraint,1
EQ_WAFER_390,PrioritizeQueueTimeConstraint,1
EQ_WAFER_391,PrioritizeQueueTimeConstraint,1
EQ_WAFER_392,PrioritizeQueueTimeConstraint,1
EQ_WAFER_393,PrioritizeQueueTimeConstraint,1
EQ_WAFER_261,PrioritizeQueueTimeConstraint,1
EQ_WAFER_262,PrioritizeQueueTimeConstraint,1
EQ_WAFER_263,PrioritizeQueueTimeConstraint,1
EQ_WAFER_339,PrioritizeQueueTimeConstraint,1
EQ_WAFER_168,PrioritizeQueueTimeConstraint,1
EQ_WAFER_169,PrioritizeQueueTimeConstraint,1
EQ_WAFER_170,PrioritizeQueueTimeConstraint,1
EQ_WAFER_171,PrioritizeQueueTimeConstraint,1
EQ_WAFER_172,PrioritizeQueueTimeConstraint,1
EQ_WAFER_173,PrioritizeQueueTimeConstraint,1
EQ_WAFER_174,PrioritizeQueueTimeConstraint,1
EQ_WAFER_175,PrioritizeQueueTimeConstraint,1
EQ_WAFER_176,PrioritizeQueueTimeConstraint,1
EQ_WAFER_135,PrioritizeQueueTimeConstraint,1
EQ_WAFER_136,PrioritizeQueueTimeConstraint,1
EQ_WAFER_137,PrioritizeQueueTimeConstraint,1
EQ_WAFER_138,PrioritizeQueueTimeConstraint,1
EQ_WAFER_139,PrioritizeQueueTimeConstraint,1
EQ_WAFER_140,PrioritizeQueueTimeConstraint,1
EQ_WAFER_141,PrioritizeQueueTimeConstraint,1
EQ_WAFER_142,PrioritizeQueueTimeConstraint,1
EQ_WAFER_143,PrioritizeQueueTimeConstraint,1
EQ_WAFER_144,PrioritizeQueueTimeConstraint,1
EQ_WAFER_145,PrioritizeQueueTimeConstraint,1
EQ_WAFER_146,PrioritizeQueueTimeConstraint,1
EQ_WAFER_147,PrioritizeQueueTimeConstraint,1
EQ_WAFER_148,PrioritizeQueueTimeConstraint,1
EQ_WAFER_149,PrioritizeQueueTimeConstraint,1
EQ_WAFER_150,PrioritizeQueueTimeConstraint,1
EQ_WAFER_151,PrioritizeQueueTimeConstraint,1
EQ_WAFER_152,PrioritizeQueueTimeConstraint,1
EQ_WAFER_153,PrioritizeQueueTimeConstraint,1
EQ_WAFER_154,PrioritizeQueueTimeConstraint,1
EQ_WAFER_155,PrioritizeQueueTimeConstraint,1
EQ_WAFER_156,PrioritizeQueueTimeConstraint,1
EQ_WAFER_157,PrioritizeQueueTimeConstraint,1
EQ_WAFER_158,PrioritizeQueueTimeConstraint,1
EQ_WAFER_159,PrioritizeQueueTimeConstraint,1
EQ_WAFER_160,PrioritizeQueueTimeConstraint,1
EQ_WAFER_161,PrioritizeQueueTimeConstraint,1
EQ_WAFER_162,PrioritizeQueueTimeConstraint,1
EQ_WAFER_163,PrioritizeQueueTimeConstraint,1
EQ_WAFER_164,PrioritizeQueueTimeConstraint,1
EQ_WAFER_165,PrioritizeQueueTimeConstraint,1
EQ_WAFER_166,PrioritizeQueueTimeConstraint,1
EQ_WAFER_167,PrioritizeQueueTimeConstraint,1
EQ_WAFER_134,PrioritizeQueueTimeConstraint,1
EQ_WAFER_396,PrioritizeQueueTimeConstraint,1
EQ_WAFER_203,PrioritizeQueueTimeConstraint,1
EQ_WAFER_204,PrioritizeQueueTimeConstraint,1
EQ_WAFER_484,PrioritizeQueueTimeConstraint,1
EQ_WAFER_275,PrioritizeQueueTimeConstraint,1
EQ_WAFER_276,PrioritizeQueueTimeConstraint,1
EQ_WAFER_277,PrioritizeQueueTimeConstraint,1
EQ_WAFER_278,PrioritizeQueueTimeConstraint,1
EQ_WAFER_279,PrioritizeQueueTimeConstraint,1
EQ_WAFER_280,PrioritizeQueueTimeConstraint,1
EQ_WAFER_654,PrioritizeQueueTimeConstraint,1
EQ_WAFER_485,PrioritizeQueueTimeConstraint,1
EQ_WAFER_486,PrioritizeQueueTimeConstraint,1
EQ_WAFER_487,PrioritizeQueueTimeConstraint,1
EQ_WAFER_488,PrioritizeQueueTimeConstraint,1
EQ_WAFER_489,PrioritizeQueueTimeConstraint,1
EQ_WAFER_666,PrioritizeQueueTimeConstraint,1
EQ_WAFER_667,PrioritizeQueueTimeConstraint,1
EQ_LOT_147,PrioritizeQueueTimeConstraint,1
EQ_LOT_148,PrioritizeQueueTimeConstraint,1
EQ_WAFER_340,PrioritizeQueueTimeConstraint,1
EQ_WAFER_281,PrioritizeQueueTimeConstraint,1
EQ_WAFER_282,PrioritizeQueueTimeConstraint,1
EQ_WAFER_283,PrioritizeQueueTimeConstraint,1
EQ_WAFER_284,PrioritizeQueueTimeConstraint,1
EQ_WAFER_285,PrioritizeQueueTimeConstraint,1
EQ_WAFER_286,PrioritizeQueueTimeConstraint,1
EQ_WAFER_521,PrioritizeQueueTimeConstraint,1
EQ_WAFER_472,PrioritizeQueueTimeConstraint,1
EQ_BATCH_342,PrioritizeQueueTimeConstraint,1
EQ_BATCH_343,PrioritizeQueueTimeConstraint,1
EQ_BATCH_344,PrioritizeQueueTimeConstraint,1
EQ_BATCH_345,PrioritizeQueueTimeConstraint,1
EQ_BATCH_346,PrioritizeQueueTimeConstraint,1
EQ_BATCH_357,PrioritizeQueueTimeConstraint,1
EQ_BATCH_358,PrioritizeQueueTimeConstraint,1
EQ_WAFER_222,PrioritizeQueueTimeConstraint,1
EQ_WAFER_223,PrioritizeQueueTimeConstraint,1
EQ_WAFER_224,PrioritizeQueueTimeConstraint,1
EQ_WAFER_225,PrioritizeQueueTimeConstraint,1
EQ_WAFER_226,PrioritizeQueueTimeConstraint,1
EQ_WAFER_227,PrioritizeQueueTimeConstraint,1
EQ_WAFER_228,PrioritizeQueueTimeConstraint,1
EQ_WAFER_229,PrioritizeQueueTimeConstraint,1
EQ_WAFER_230,PrioritizeQueueTimeConstraint,1
EQ_WAFER_231,PrioritizeQueueTimeConstraint,1
EQ_WAFER_232,PrioritizeQueueTimeConstraint,1
EQ_WAFER_233,PrioritizeQueueTimeConstraint,1
EQ_WAFER_234,PrioritizeQueueTimeConstraint,1
EQ_WAFER_235,PrioritizeQueueTimeConstraint,1
EQ_WAFER_655,PrioritizeQueueTimeConstraint,1
EQ_WAFER_656,PrioritizeQueueTimeConstraint,1
EQ_WAFER_657,PrioritizeQueueTimeConstraint,1
EQ_WAFER_658,PrioritizeQueueTimeConstraint,1
EQ_WAFER_659,PrioritizeQueueTimeConstraint,1
EQ_WAFER_660,PrioritizeQueueTimeConstraint,1
EQ_WAFER_661,PrioritizeQueueTimeConstraint,1
EQ_WAFER_662,PrioritizeQueueTimeConstraint,1
EQ_WAFER_663,PrioritizeQueueTimeConstraint,1
EQ_WAFER_664,PrioritizeQueueTimeConstraint,1
EQ_WAFER_665,PrioritizeQueueTimeConstraint,1
EQ_WAFER_642,PrioritizeQueueTimeConstraint,1
EQ_WAFER_643,PrioritizeQueueTimeConstraint,1
EQ_WAFER_188,PrioritizeQueueTimeConstraint,1
EQ_WAFER_189,PrioritizeQueueTimeConstraint,1
EQ_WAFER_190,PrioritizeQueueTimeConstraint,1
EQ_WAFER_202,PrioritizeQueueTimeConstraint,1
EQ_WAFER_191,PrioritizeQueueTimeConstraint,1
EQ_WAFER_192,PrioritizeQueueTimeConstraint,1
EQ_WAFER_193,PrioritizeQueueTimeConstraint,1
EQ_WAFER_194,PrioritizeQueueTimeConstraint,1
EQ_WAFER_195,PrioritizeQueueTimeConstraint,1
EQ_WAFER_196,PrioritizeQueueTimeConstraint,1
EQ_WAFER_197,PrioritizeQueueTimeConstraint,1
EQ_WAFER_198,PrioritizeQueueTimeConstraint,1
EQ_WAFER_199,PrioritizeQueueTimeConstraint,1
EQ_WAFER_88,PrioritizeQueueTimeConstraint,1
EQ_WAFER_89,PrioritizeQueueTimeConstraint,1
EQ_WAFER_90,PrioritizeQueueTimeConstraint,1
EQ_WAFER_91,PrioritizeQueueTimeConstraint,1
EQ_WAFER_236,PrioritizeQueueTimeConstraint,1
EQ_WAFER_237,PrioritizeQueueTimeConstraint,1
EQ_WAFER_238,PrioritizeQueueTimeConstraint,1
EQ_WAFER_239,PrioritizeQueueTimeConstraint,1
EQ_WAFER_240,PrioritizeQueueTimeConstraint,1
EQ_BATCH_8,PrioritizeQueueTimeConstraint,1
EQ_BATCH_9,PrioritizeQueueTimeConstraint,1
EQ_BATCH_10,PrioritizeQueueTimeConstraint,1
EQ_BATCH_11,PrioritizeQueueTimeConstraint,1
EQ_BATCH_12,PrioritizeQueueTimeConstraint,1
EQ_BATCH_13,PrioritizeQueueTimeConstraint,1
EQ_BATCH_14,PrioritizeQueueTimeConstraint,1
EQ_BATCH_15,PrioritizeQueueTimeConstraint,1
EQ_BATCH_16,PrioritizeQueueTimeConstraint,1
EQ_BATCH_17,PrioritizeQueueTimeConstraint,1
EQ_BATCH_18,PrioritizeQueueTimeConstraint,1
EQ_BATCH_19,PrioritizeQueueTimeConstraint,1
EQ_BATCH_20,PrioritizeQueueTimeConstraint,1
EQ_BATCH_21,PrioritizeQueueTimeConstraint,1
EQ_BATCH_22,PrioritizeQueueTimeConstraint,1
EQ_BATCH_23,PrioritizeQueueTimeConstraint,1
EQ_BATCH_24,PrioritizeQueueTimeConstraint,1
EQ_BATCH_25,PrioritizeQueueTimeConstraint,1
EQ_BATCH_26,PrioritizeQueueTimeConstraint,1
EQ_BATCH_27,PrioritizeQueueTimeConstraint,1
EQ_BATCH_28,PrioritizeQueueTimeConstraint,1
EQ_BATCH_29,PrioritizeQueueTimeConstraint,1
EQ_BATCH_30,PrioritizeQueueTimeConstraint,1
EQ_BATCH_31,PrioritizeQueueTimeConstraint,1
EQ_BATCH_32,PrioritizeQueueTimeConstraint,1
EQ_BATCH_33,PrioritizeQueueTimeConstraint,1
EQ_BATCH_34,PrioritizeQueueTimeConstraint,1
EQ_BATCH_35,PrioritizeQueueTimeConstraint,1
EQ_BATCH_36,PrioritizeQueueTimeConstraint,1
EQ_BATCH_37,PrioritizeQueueTimeConstraint,1
EQ_BATCH_38,PrioritizeQueueTimeConstraint,1
EQ_BATCH_39,PrioritizeQueueTimeConstraint,1
EQ_BATCH_40,PrioritizeQueueTimeConstraint,1
EQ_BATCH_41,PrioritizeQueueTimeConstraint,1
EQ_BATCH_42,PrioritizeQueueTimeConstraint,1
EQ_BATCH_43,PrioritizeQueueTimeConstraint,1
EQ_BATCH_44,PrioritizeQueueTimeConstraint,1
EQ_BATCH_45,PrioritizeQueueTimeConstraint,1
EQ_BATCH_46,PrioritizeQueueTimeConstraint,1
EQ_BATCH_47,PrioritizeQueueTimeConstraint,1
EQ_BATCH_48,PrioritizeQueueTimeConstraint,1
EQ_BATCH_49,PrioritizeQueueTimeConstraint,1
EQ_BATCH_50,PrioritizeQueueTimeConstraint,1
EQ_BATCH_51,PrioritizeQueueTimeConstraint,1
EQ_BATCH_52,PrioritizeQueueTimeConstraint,1
EQ_BATCH_53,PrioritizeQueueTimeConstraint,1
EQ_BATCH_54,PrioritizeQueueTimeConstraint,1
EQ_BATCH_55,PrioritizeQueueTimeConstraint,1
EQ_BATCH_56,PrioritizeQueueTimeConstraint,1
EQ_BATCH_57,PrioritizeQueueTimeConstraint,1
EQ_BATCH_58,PrioritizeQueueTimeConstraint,1
EQ_BATCH_59,PrioritizeQueueTimeConstraint,1
EQ_BATCH_60,PrioritizeQueueTimeConstraint,1
EQ_BATCH_61,PrioritizeQueueTimeConstraint,1
EQ_BATCH_62,PrioritizeQueueTimeConstraint,1
EQ_BATCH_63,PrioritizeQueueTimeConstraint,1
EQ_BATCH_64,PrioritizeQueueTimeConstraint,1
EQ_BATCH_65,PrioritizeQueueTimeConstraint,1
EQ_BATCH_66,PrioritizeQueueTimeConstraint,1
EQ_BATCH_67,PrioritizeQueueTimeConstraint,1
EQ_BATCH_68,PrioritizeQueueTimeConstraint,1
EQ_BATCH_69,PrioritizeQueueTimeConstraint,1
EQ_BATCH_70,PrioritizeQueueTimeConstraint,1
EQ_BATCH_71,PrioritizeQueueTimeConstraint,1
EQ_BATCH_72,PrioritizeQueueTimeConstraint,1
EQ_BATCH_73,PrioritizeQueueTimeConstraint,1
EQ_BATCH_74,PrioritizeQueueTimeConstraint,1
EQ_BATCH_75,PrioritizeQueueTimeConstraint,1
EQ_BATCH_76,PrioritizeQueueTimeConstraint,1
EQ_BATCH_77,PrioritizeQueueTimeConstraint,1
EQ_BATCH_78,PrioritizeQueueTimeConstraint,1
EQ_BATCH_79,PrioritizeQueueTimeConstraint,1
EQ_BATCH_80,PrioritizeQueueTimeConstraint,1
EQ_BATCH_81,PrioritizeQueueTimeConstraint,1
EQ_BATCH_82,PrioritizeQueueTimeConstraint,1
EQ_BATCH_83,PrioritizeQueueTimeConstraint,1
EQ_BATCH_84,PrioritizeQueueTimeConstraint,1
EQ_BATCH_85,PrioritizeQueueTimeConstraint,1
EQ_BATCH_86,PrioritizeQueueTimeConstraint,1
EQ_BATCH_87,PrioritizeQueueTimeConstraint,1
EQ_BATCH_88,PrioritizeQueueTimeConstraint,1
EQ_BATCH_89,PrioritizeQueueTimeConstraint,1
EQ_BATCH_90,PrioritizeQueueTimeConstraint,1
EQ_BATCH_91,PrioritizeQueueTimeConstraint,1
EQ_BATCH_92,PrioritizeQueueTimeConstraint,1
EQ_BATCH_93,PrioritizeQueueTimeConstraint,1
EQ_BATCH_94,PrioritizeQueueTimeConstraint,1
EQ_BATCH_95,PrioritizeQueueTimeConstraint,1
EQ_BATCH_96,PrioritizeQueueTimeConstraint,1
EQ_BATCH_97,PrioritizeQueueTimeConstraint,1
EQ_BATCH_98,PrioritizeQueueTimeConstraint,1
EQ_BATCH_99,PrioritizeQueueTimeConstraint,1
EQ_BATCH_100,PrioritizeQueueTimeConstraint,1
EQ_BATCH_101,PrioritizeQueueTimeConstraint,1
EQ_BATCH_102,PrioritizeQueueTimeConstraint,1
EQ_BATCH_103,PrioritizeQueueTimeConstraint,1
EQ_BATCH_104,PrioritizeQueueTimeConstraint,1
EQ_BATCH_105,PrioritizeQueueTimeConstraint,1
EQ_BATCH_106,PrioritizeQueueTimeConstraint,1
EQ_BATCH_107,PrioritizeQueueTimeConstraint,1
EQ_BATCH_108,PrioritizeQueueTimeConstraint,1
EQ_BATCH_109,PrioritizeQueueTimeConstraint,1
EQ_BATCH_110,PrioritizeQueueTimeConstraint,1
EQ_BATCH_111,PrioritizeQueueTimeConstraint,1
EQ_BATCH_112,PrioritizeQueueTimeConstraint,1
EQ_BATCH_113,PrioritizeQueueTimeConstraint,1
EQ_BATCH_114,PrioritizeQueueTimeConstraint,1
EQ_BATCH_115,PrioritizeQueueTimeConstraint,1
EQ_BATCH_116,PrioritizeQueueTimeConstraint,1
EQ_BATCH_117,PrioritizeQueueTimeConstraint,1
EQ_BATCH_118,PrioritizeQueueTimeConstraint,1
EQ_BATCH_119,PrioritizeQueueTimeConstraint,1
EQ_BATCH_120,PrioritizeQueueTimeConstraint,1
EQ_BATCH_121,PrioritizeQueueTimeConstraint,1
EQ_BATCH_122,PrioritizeQueueTimeConstraint,1
EQ_BATCH_123,PrioritizeQueueTimeConstraint,1
EQ_BATCH_124,PrioritizeQueueTimeConstraint,1
EQ_BATCH_125,PrioritizeQueueTimeConstraint,1
EQ_BATCH_129,PrioritizeQueueTimeConstraint,1
EQ_BATCH_130,PrioritizeQueueTimeConstraint,1
EQ_BATCH_131,PrioritizeQueueTimeConstraint,1
EQ_BATCH_132,PrioritizeQueueTimeConstraint,1
EQ_BATCH_133,PrioritizeQueueTimeConstraint,1
EQ_BATCH_134,PrioritizeQueueTimeConstraint,1
EQ_BATCH_135,PrioritizeQueueTimeConstraint,1
EQ_BATCH_136,PrioritizeQueueTimeConstraint,1
EQ_BATCH_137,PrioritizeQueueTimeConstraint,1
EQ_BATCH_138,PrioritizeQueueTimeConstraint,1
EQ_BATCH_139,PrioritizeQueueTimeConstraint,1
EQ_BATCH_140,PrioritizeQueueTimeConstraint,1
EQ_BATCH_141,PrioritizeQueueTimeConstraint,1
EQ_BATCH_142,PrioritizeQueueTimeConstraint,1
EQ_BATCH_143,PrioritizeQueueTimeConstraint,1
EQ_BATCH_144,PrioritizeQueueTimeConstraint,1
EQ_BATCH_145,PrioritizeQueueTimeConstraint,1
EQ_BATCH_146,PrioritizeQueueTimeConstraint,1
EQ_BATCH_147,PrioritizeQueueTimeConstraint,1
EQ_BATCH_148,PrioritizeQueueTimeConstraint,1
EQ_BATCH_149,PrioritizeQueueTimeConstraint,1
EQ_BATCH_150,PrioritizeQueueTimeConstraint,1
EQ_BATCH_151,PrioritizeQueueTimeConstraint,1
EQ_BATCH_152,PrioritizeQueueTimeConstraint,1
EQ_BATCH_153,PrioritizeQueueTimeConstraint,1
EQ_BATCH_154,PrioritizeQueueTimeConstraint,1
EQ_BATCH_155,PrioritizeQueueTimeConstraint,1
EQ_BATCH_156,PrioritizeQueueTimeConstraint,1
EQ_BATCH_157,PrioritizeQueueTimeConstraint,1
EQ_BATCH_158,PrioritizeQueueTimeConstraint,1
EQ_BATCH_159,PrioritizeQueueTimeConstraint,1
EQ_BATCH_160,PrioritizeQueueTimeConstraint,1
EQ_BATCH_161,PrioritizeQueueTimeConstraint,1
EQ_BATCH_162,PrioritizeQueueTimeConstraint,1
EQ_BATCH_163,PrioritizeQueueTimeConstraint,1
EQ_BATCH_164,PrioritizeQueueTimeConstraint,1
EQ_BATCH_165,PrioritizeQueueTimeConstraint,1
EQ_BATCH_166,PrioritizeQueueTimeConstraint,1
EQ_BATCH_167,PrioritizeQueueTimeConstraint,1
EQ_BATCH_168,PrioritizeQueueTimeConstraint,1
EQ_BATCH_169,PrioritizeQueueTimeConstraint,1
EQ_BATCH_170,PrioritizeQueueTimeConstraint,1
EQ_BATCH_171,PrioritizeQueueTimeConstraint,1
EQ_BATCH_172,PrioritizeQueueTimeConstraint,1
EQ_BATCH_173,PrioritizeQueueTimeConstraint,1
EQ_BATCH_174,PrioritizeQueueTimeConstraint,1
EQ_BATCH_175,PrioritizeQueueTimeConstraint,1
EQ_BATCH_176,PrioritizeQueueTimeConstraint,1
EQ_BATCH_177,PrioritizeQueueTimeConstraint,1
EQ_BATCH_178,PrioritizeQueueTimeConstraint,1
EQ_BATCH_179,PrioritizeQueueTimeConstraint,1
EQ_BATCH_180,PrioritizeQueueTimeConstraint,1
EQ_BATCH_181,PrioritizeQueueTimeConstraint,1
EQ_BATCH_182,PrioritizeQueueTimeConstraint,1
EQ_BATCH_183,PrioritizeQueueTimeConstraint,1
EQ_BATCH_184,PrioritizeQueueTimeConstraint,1
EQ_BATCH_185,PrioritizeQueueTimeConstraint,1
EQ_BATCH_186,PrioritizeQueueTimeConstraint,1
EQ_BATCH_187,PrioritizeQueueTimeConstraint,1
EQ_BATCH_188,PrioritizeQueueTimeConstraint,1
EQ_BATCH_189,PrioritizeQueueTimeConstraint,1
EQ_BATCH_190,PrioritizeQueueTimeConstraint,1
EQ_BATCH_191,PrioritizeQueueTimeConstraint,1
EQ_BATCH_192,PrioritizeQueueTimeConstraint,1
EQ_BATCH_193,PrioritizeQueueTimeConstraint,1
EQ_BATCH_194,PrioritizeQueueTimeConstraint,1
EQ_BATCH_195,PrioritizeQueueTimeConstraint,1
EQ_BATCH_196,PrioritizeQueueTimeConstraint,1
EQ_BATCH_197,PrioritizeQueueTimeConstraint,1
EQ_BATCH_198,PrioritizeQueueTimeConstraint,1
EQ_BATCH_199,PrioritizeQueueTimeConstraint,1
EQ_BATCH_200,PrioritizeQueueTimeConstraint,1
EQ_BATCH_201,PrioritizeQueueTimeConstraint,1
EQ_BATCH_202,PrioritizeQueueTimeConstraint,1
EQ_BATCH_203,PrioritizeQueueTimeConstraint,1
EQ_BATCH_204,PrioritizeQueueTimeConstraint,1
EQ_BATCH_205,PrioritizeQueueTimeConstraint,1
EQ_BATCH_206,PrioritizeQueueTimeConstraint,1
EQ_BATCH_207,PrioritizeQueueTimeConstraint,1
EQ_BATCH_208,PrioritizeQueueTimeConstraint,1
EQ_BATCH_209,PrioritizeQueueTimeConstraint,1
EQ_BATCH_210,PrioritizeQueueTimeConstraint,1
EQ_BATCH_211,PrioritizeQueueTimeConstraint,1
EQ_BATCH_212,PrioritizeQueueTimeConstraint,1
EQ_BATCH_213,PrioritizeQueueTimeConstraint,1
EQ_BATCH_214,PrioritizeQueueTimeConstraint,1
EQ_BATCH_215,PrioritizeQueueTimeConstraint,1
EQ_BATCH_216,PrioritizeQueueTimeConstraint,1
EQ_BATCH_217,PrioritizeQueueTimeConstraint,1
EQ_BATCH_218,PrioritizeQueueTimeConstraint,1
EQ_BATCH_219,PrioritizeQueueTimeConstraint,1
EQ_BATCH_220,PrioritizeQueueTimeConstraint,1
EQ_BATCH_221,PrioritizeQueueTimeConstraint,1
EQ_BATCH_222,PrioritizeQueueTimeConstraint,1
EQ_BATCH_223,PrioritizeQueueTimeConstraint,1
EQ_BATCH_224,PrioritizeQueueTimeConstraint,1
EQ_BATCH_225,PrioritizeQueueTimeConstraint,1
EQ_BATCH_226,PrioritizeQueueTimeConstraint,1
EQ_BATCH_227,PrioritizeQueueTimeConstraint,1
EQ_BATCH_228,PrioritizeQueueTimeConstraint,1
EQ_BATCH_229,PrioritizeQueueTimeConstraint,1
EQ_BATCH_230,PrioritizeQueueTimeConstraint,1
EQ_BATCH_231,PrioritizeQueueTimeConstraint,1
EQ_BATCH_232,PrioritizeQueueTimeConstraint,1
EQ_BATCH_233,PrioritizeQueueTimeConstraint,1
EQ_BATCH_234,PrioritizeQueueTimeConstraint,1
EQ_BATCH_235,PrioritizeQueueTimeConstraint,1
EQ_BATCH_236,PrioritizeQueueTimeConstraint,1
EQ_BATCH_237,PrioritizeQueueTimeConstraint,1
EQ_BATCH_238,PrioritizeQueueTimeConstraint,1
EQ_BATCH_239,PrioritizeQueueTimeConstraint,1
EQ_BATCH_240,PrioritizeQueueTimeConstraint,1
EQ_BATCH_241,PrioritizeQueueTimeConstraint,1
EQ_BATCH_242,PrioritizeQueueTimeConstraint,1
EQ_BATCH_243,PrioritizeQueueTimeConstraint,1
EQ_BATCH_244,PrioritizeQueueTimeConstraint,1
EQ_BATCH_245,PrioritizeQueueTimeConstraint,1
EQ_BATCH_246,PrioritizeQueueTimeConstraint,1
EQ_BATCH_247,PrioritizeQueueTimeConstraint,1
EQ_BATCH_248,PrioritizeQueueTimeConstraint,1
EQ_BATCH_249,PrioritizeQueueTimeConstraint,1
EQ_BATCH_250,PrioritizeQueueTimeConstraint,1
EQ_BATCH_251,PrioritizeQueueTimeConstraint,1
EQ_BATCH_252,PrioritizeQueueTimeConstraint,1
EQ_BATCH_253,PrioritizeQueueTimeConstraint,1
EQ_BATCH_254,PrioritizeQueueTimeConstraint,1
EQ_BATCH_255,PrioritizeQueueTimeConstraint,1
EQ_BATCH_256,PrioritizeQueueTimeConstraint,1
EQ_BATCH_257,PrioritizeQueueTimeConstraint,1
EQ_BATCH_258,PrioritizeQueueTimeConstraint,1
EQ_BATCH_259,PrioritizeQueueTimeConstraint,1
EQ_BATCH_260,PrioritizeQueueTimeConstraint,1
EQ_BATCH_261,PrioritizeQueueTimeConstraint,1
EQ_BATCH_262,PrioritizeQueueTimeConstraint,1
EQ_BATCH_263,PrioritizeQueueTimeConstraint,1
EQ_BATCH_264,PrioritizeQueueTimeConstraint,1
EQ_BATCH_265,PrioritizeQueueTimeConstraint,1
EQ_BATCH_266,PrioritizeQueueTimeConstraint,1
EQ_BATCH_267,PrioritizeQueueTimeConstraint,1
EQ_BATCH_268,PrioritizeQueueTimeConstraint,1
EQ_BATCH_269,PrioritizeQueueTimeConstraint,1
EQ_BATCH_270,PrioritizeQueueTimeConstraint,1
EQ_BATCH_271,PrioritizeQueueTimeConstraint,1
EQ_BATCH_272,PrioritizeQueueTimeConstraint,1
EQ_BATCH_273,PrioritizeQueueTimeConstraint,1
EQ_BATCH_274,PrioritizeQueueTimeConstraint,1
EQ_BATCH_275,PrioritizeQueueTimeConstraint,1
EQ_BATCH_276,PrioritizeQueueTimeConstraint,1
EQ_BATCH_277,PrioritizeQueueTimeConstraint,1
EQ_BATCH_278,PrioritizeQueueTimeConstraint,1
EQ_BATCH_279,PrioritizeQueueTimeConstraint,1
EQ_BATCH_280,PrioritizeQueueTimeConstraint,1
EQ_BATCH_281,PrioritizeQueueTimeConstraint,1
EQ_BATCH_282,PrioritizeQueueTimeConstraint,1
EQ_BATCH_283,PrioritizeQueueTimeConstraint,1
EQ_BATCH_284,PrioritizeQueueTimeConstraint,1
EQ_BATCH_285,PrioritizeQueueTimeConstraint,1
EQ_BATCH_286,PrioritizeQueueTimeConstraint,1
EQ_BATCH_287,PrioritizeQueueTimeConstraint,1
EQ_BATCH_288,PrioritizeQueueTimeConstraint,1
EQ_BATCH_289,PrioritizeQueueTimeConstraint,1
EQ_BATCH_290,PrioritizeQueueTimeConstraint,1
EQ_BATCH_291,PrioritizeQueueTimeConstraint,1
EQ_BATCH_292,PrioritizeQueueTimeConstraint,1
EQ_BATCH_293,PrioritizeQueueTimeConstraint,1
EQ_BATCH_294,PrioritizeQueueTimeConstraint,1
EQ_BATCH_295,PrioritizeQueueTimeConstraint,1
EQ_BATCH_348,PrioritizeQueueTimeConstraint,1
EQ_BATCH_349,PrioritizeQueueTimeConstraint,1
EQ_BATCH_350,PrioritizeQueueTimeConstraint,1
EQ_BATCH_351,PrioritizeQueueTimeConstraint,1
EQ_BATCH_352,PrioritizeQueueTimeConstraint,1
EQ_BATCH_353,PrioritizeQueueTimeConstraint,1
EQ_LOT_70,PrioritizeQueueTimeConstraint,1
EQ_WAFER_638,PrioritizeQueueTimeConstraint,1
EQ_WAFER_639,PrioritizeQueueTimeConstraint,1
EQ_WAFER_131,PrioritizeQueueTimeConstraint,1
EQ_WAFER_644,PrioritizeQueueTimeConstraint,1
EQ_WAFER_645,PrioritizeQueueTimeConstraint,1
EQ_WAFER_646,PrioritizeQueueTimeConstraint,1
EQ_WAFER_647,PrioritizeQueueTimeConstraint,1
EQ_WAFER_648,PrioritizeQueueTimeConstraint,1
EQ_WAFER_649,PrioritizeQueueTimeConstraint,1
EQ_WAFER_650,PrioritizeQueueTimeConstraint,1
EQ_LOT_142,PrioritizeQueueTimeConstraint,1
EQ_LOT_33,PrioritizeQueueTimeConstraint,1
EQ_LOT_34,PrioritizeQueueTimeConstraint,1
EQ_LOT_35,PrioritizeQueueTimeConstraint,1
EQ_LOT_36,PrioritizeQueueTimeConstraint,1
EQ_LOT_37,PrioritizeQueueTimeConstraint,1
EQ_LOT_38,PrioritizeQueueTimeConstraint,1
EQ_LOT_39,PrioritizeQueueTimeConstraint,1
EQ_LOT_40,PrioritizeQueueTimeConstraint,1
EQ_LOT_41,PrioritizeQueueTimeConstraint,1
EQ_LOT_42,PrioritizeQueueTimeConstraint,1
EQ_WAFER_288,PrioritizeQueueTimeConstraint,1
EQ_WAFER_289,PrioritizeQueueTimeConstraint,1
EQ_LOT_45,PrioritizeQueueTimeConstraint,1
EQ_LOT_46,PrioritizeQueueTimeConstraint,1
EQ_WAFER_295,PrioritizeQueueTimeConstraint,1
EQ_WAFER_296,PrioritizeQueueTimeConstraint,1
EQ_LOT_60,PrioritizeQueueTimeConstraint,1
EQ_LOT_61,PrioritizeQueueTimeConstraint,1
EQ_LOT_62,PrioritizeQueueTimeConstraint,1
EQ_LOT_63,PrioritizeQueueTimeConstraint,1
EQ_LOT_64,PrioritizeQueueTimeConstraint,1
EQ_LOT_65,PrioritizeQueueTimeConstraint,1
EQ_LOT_66,PrioritizeQueueTimeConstraint,1
EQ_LOT_67,PrioritizeQueueTimeConstraint,1
EQ_LOT_127,PrioritizeQueueTimeConstraint,1
EQ_LOT_128,PrioritizeQueueTimeConstraint,1
EQ_LOT_129,PrioritizeQueueTimeConstraint,1
EQ_LOT_71,PrioritizeQueueTimeConstraint,1
EQ_LOT_72,PrioritizeQueueTimeConstraint,1
EQ_LOT_73,PrioritizeQueueTimeConstraint,1
EQ_LOT_74,PrioritizeQueueTimeConstraint,1
EQ_WAFER_333,PrioritizeQueueTimeConstraint,1
EQ_LOT_68,PrioritizeQueueTimeConstraint,1
EQ_LOT_69,PrioritizeQueueTimeConstraint,1
EQ_LOT_58,PrioritizeQueueTimeConstraint,1
EQ_LOT_59,PrioritizeQueueTimeConstraint,1
EQ_LOT_145,PrioritizeQueueTimeConstraint,1
EQ_LOT_146,PrioritizeQueueTimeConstraint,1
EQ_WAFER_600,PrioritizeQueueTimeConstraint,1
EQ_WAFER_255,PrioritizeQueueTimeConstraint,1
EQ_LOT_29,PrioritizeQueueTimeConstraint,1
EQ_WAFER_256,PrioritizeQueueTimeConstraint,1
EQ_LOT_30,PrioritizeQueueTimeConstraint,1
EQ_LOT_31,PrioritizeQueueTimeConstraint,1
EQ_LOT_140,PrioritizeQueueTimeConstraint,1
EQ_WAFER_342,PrioritizeQueueTimeConstraint,1
EQ_LOT_144,PrioritizeQueueTimeConstraint,1
EQ_WAFER_251,PrioritizeQueueTimeConstraint,1
EQ_WAFER_252,PrioritizeQueueTimeConstraint,1
EQ_WAFER_253,PrioritizeQueueTimeConstraint,1
EQ_LOT_132,PrioritizeQueueTimeConstraint,1
EQ_LOT_18,PrioritizeQueueTimeConstraint,1
EQ_LOT_19,PrioritizeQueueTimeConstraint,1
EQ_LOT_20,PrioritizeQueueTimeConstraint,1
EQ_LOT_21,PrioritizeQueueTimeConstraint,1
EQ_LOT_7,PrioritizeQueueTimeConstraint,1
EQ_LOT_8,PrioritizeQueueTimeConstraint,1
EQ_LOT_9,PrioritizeQueueTimeConstraint,1
EQ_LOT_10,PrioritizeQueueTimeConstraint,1
EQ_WAFER_254,PrioritizeQueueTimeConstraint,1
EQ_LOT_13,PrioritizeQueueTimeConstraint,1
EQ_LOT_22,PrioritizeQueueTimeConstraint,1
EQ_LOT_23,PrioritizeQueueTimeConstraint,1
EQ_LOT_24,PrioritizeQueueTimeConstraint,1
EQ_LOT_25,PrioritizeQueueTimeConstraint,1
EQ_LOT_26,PrioritizeQueueTimeConstraint,1
EQ_LOT_108,PrioritizeQueueTimeConstraint,1
EQ_LOT_47,PrioritizeQueueTimeConstraint,1
EQ_LOT_48,PrioritizeQueueTimeConstraint,1
EQ_LOT_49,PrioritizeQueueTimeConstraint,1
EQ_LOT_50,PrioritizeQueueTimeConstraint,1
EQ_LOT_51,PrioritizeQueueTimeConstraint,1
EQ_WAFER_297,PrioritizeQueueTimeConstraint,1
EQ_LOT_53,PrioritizeQueueTimeConstraint,1
EQ_LOT_54,PrioritizeQueueTimeConstraint,1
EQ_LOT_55,PrioritizeQueueTimeConstraint,1
EQ_LOT_130,PrioritizeQueueTimeConstraint,1
EQ_LOT_56,PrioritizeQueueTimeConstraint,1
EQ_LOT_57,PrioritizeQueueTimeConstraint,1
EQ_LOT_137,PrioritizeQueueTimeConstraint,1
EQ_LOT_138,PrioritizeQueueTimeConstraint,1
EQ_LOT_139,PrioritizeQueueTimeConstraint,1
EQ_WAFER_492,PrioritizeQueueTimeConstraint,1
EQ_WAFER_493,PrioritizeQueueTimeConstraint,1
EQ_WAFER_494,PrioritizeQueueTimeConstraint,1
EQ_WAFER_495,PrioritizeQueueTimeConstraint,1
EQ_WAFER_496,PrioritizeQueueTimeConstraint,1
EQ_WAFER_522,PrioritizeQueueTimeConstraint,1
EQ_WAFER_497,PrioritizeQueueTimeConstraint,1
EQ_WAFER_498,PrioritizeQueueTimeConstraint,1
EQ_WAFER_523,PrioritizeQueueTimeConstraint,1
EQ_WAFER_524,PrioritizeQueueTimeConstraint,1
EQ_WAFER_499,PrioritizeQueueTimeConstraint,1
EQ_WAFER_500,PrioritizeQueueTimeConstraint,1
EQ_WAFER_525,PrioritizeQueueTimeConstraint,1
EQ_WAFER_501,PrioritizeQueueTimeConstraint,1
EQ_WAFER_502,PrioritizeQueueTimeConstraint,1
EQ_WAFER_526,PrioritizeQueueTimeConstraint,1
EQ_WAFER_503,PrioritizeQueueTimeConstraint,1
EQ_WAFER_527,PrioritizeQueueTimeConstraint,1
EQ_WAFER_504,PrioritizeQueueTimeConstraint,1
EQ_WAFER_505,PrioritizeQueueTimeConstraint,1
EQ_WAFER_506,PrioritizeQueueTimeConstraint,1
EQ_WAFER_507,PrioritizeQueueTimeConstraint,1
EQ_WAFER_508,PrioritizeQueueTimeConstraint,1
EQ_WAFER_528,PrioritizeQueueTimeConstraint,1
EQ_WAFER_529,PrioritizeQueueTimeConstraint,1
EQ_WAFER_509,PrioritizeQueueTimeConstraint,1
EQ_WAFER_510,PrioritizeQueueTimeConstraint,1
EQ_WAFER_530,PrioritizeQueueTimeConstraint,1
EQ_WAFER_511,PrioritizeQueueTimeConstraint,1
EQ_WAFER_512,PrioritizeQueueTimeConstraint,1
EQ_WAFER_531,PrioritizeQueueTimeConstraint,1
EQ_WAFER_513,PrioritizeQueueTimeConstraint,1
EQ_WAFER_514,PrioritizeQueueTimeConstraint,1
EQ_WAFER_515,PrioritizeQueueTimeConstraint,1
EQ_WAFER_532,PrioritizeQueueTimeConstraint,1
EQ_WAFER_533,PrioritizeQueueTimeConstraint,1
EQ_LOT_1,PrioritizeQueueTimeConstraint,1
EQ_LOT_2,PrioritizeQueueTimeConstraint,1
EQ_LOT_133,PrioritizeQueueTimeConstraint,1
EQ_WAFER_397,PrioritizeQueueTimeConstraint,1
EQ_LOT_115,PrioritizeQueueTimeConstraint,1
EQ_LOT_116,PrioritizeQueueTimeConstraint,1
EQ_LOT_117,PrioritizeQueueTimeConstraint,1
EQ_LOT_118,PrioritizeQueueTimeConstraint,1
EQ_LOT_119,PrioritizeQueueTimeConstraint,1
EQ_LOT_120,PrioritizeQueueTimeConstraint,1
EQ_LOT_121,PrioritizeQueueTimeConstraint,1
EQ_LOT_122,PrioritizeQueueTimeConstraint,1
EQ_LOT_123,PrioritizeQueueTimeConstraint,1
EQ_LOT_124,PrioritizeQueueTimeConstraint,1
EQ_LOT_125,PrioritizeQueueTimeConstraint,1
EQ_LOT_126,PrioritizeQueueTimeConstraint,1
EQ_LOT_149,PrioritizeQueueTimeConstraint,1
EQ_WAFER_92,PrioritizeQueueTimeConstraint,1
EQ_WAFER_93,PrioritizeQueueTimeConstraint,1
EQ_WAFER_94,PrioritizeQueueTimeConstraint,1
EQ_WAFER_95,PrioritizeQueueTimeConstraint,1
EQ_WAFER_96,PrioritizeQueueTimeConstraint,1
EQ_WAFER_97,PrioritizeQueueTimeConstraint,1
EQ_WAFER_98,PrioritizeQueueTimeConstraint,1
EQ_WAFER_99,PrioritizeQueueTimeConstraint,1
EQ_WAFER_100,PrioritizeQueueTimeConstraint,1
EQ_WAFER_101,PrioritizeQueueTimeConstraint,1
EQ_WAFER_102,PrioritizeQueueTimeConstraint,1
EQ_WAFER_332,PrioritizeQueueTimeConstraint,1
EQ_WAFER_621,PrioritizeQueueTimeConstraint,1
EQ_WAFER_622,PrioritizeQueueTimeConstraint,1
EQ_WAFER_623,PrioritizeQueueTimeConstraint,1
EQ_WAFER_624,PrioritizeQueueTimeConstraint,1
EQ_WAFER_625,PrioritizeQueueTimeConstraint,1
EQ_WAFER_626,PrioritizeQueueTimeConstraint,1
EQ_WAFER_627,PrioritizeQueueTimeConstraint,1
EQ_WAFER_628,PrioritizeQueueTimeConstraint,1
EQ_WAFER_629,PrioritizeQueueTimeConstraint,1
EQ_WAFER_630,PrioritizeQueueTimeConstraint,1
EQ_WAFER_631,PrioritizeQueueTimeConstraint,1
EQ_WAFER_632,PrioritizeQueueTimeConstraint,1
EQ_WAFER_633,PrioritizeQueueTimeConstraint,1
EQ_WAFER_58,PrioritizeQueueTimeConstraint,1
EQ_WAFER_59,PrioritizeQueueTimeConstraint,1
EQ_WAFER_60,PrioritizeQueueTimeConstraint,1
EQ_WAFER_61,PrioritizeQueueTimeConstraint,1
EQ_WAFER_62,PrioritizeQueueTimeConstraint,1
EQ_WAFER_63,PrioritizeQueueTimeConstraint,1
EQ_WAFER_64,PrioritizeQueueTimeConstraint,1
EQ_WAFER_65,PrioritizeQueueTimeConstraint,1
EQ_WAFER_66,PrioritizeQueueTimeConstraint,1
EQ_WAFER_67,PrioritizeQueueTimeConstraint,1
EQ_WAFER_68,PrioritizeQueueTimeConstraint,1
EQ_WAFER_601,PrioritizeQueueTimeConstraint,1
EQ_WAFER_602,PrioritizeQueueTimeConstraint,1
EQ_WAFER_603,PrioritizeQueueTimeConstraint,1
EQ_WAFER_604,PrioritizeQueueTimeConstraint,1
EQ_WAFER_605,PrioritizeQueueTimeConstraint,1
EQ_WAFER_606,PrioritizeQueueTimeConstraint,1
EQ_WAFER_607,PrioritizeQueueTimeConstraint,1
EQ_WAFER_608,PrioritizeQueueTimeConstraint,1
EQ_WAFER_609,PrioritizeQueueTimeConstraint,1
EQ_WAFER_610,PrioritizeQueueTimeConstraint,1
EQ_WAFER_611,PrioritizeQueueTimeConstraint,1
EQ_WAFER_612,PrioritizeQueueTimeConstraint,1
EQ_WAFER_613,PrioritizeQueueTimeConstraint,1
EQ_WAFER_614,PrioritizeQueueTimeConstraint,1
EQ_WAFER_615,PrioritizeQueueTimeConstraint,1
EQ_WAFER_616,PrioritizeQueueTimeConstraint,1
EQ_WAFER_617,PrioritizeQueueTimeConstraint,1
EQ_WAFER_618,PrioritizeQueueTimeConstraint,1
EQ_WAFER_544,PrioritizeQueueTimeConstraint,1
EQ_WAFER_545,PrioritizeQueueTimeConstraint,1
EQ_WAFER_546,PrioritizeQueueTimeConstraint,1
EQ_WAFER_547,PrioritizeQueueTimeConstraint,1
EQ_WAFER_548,PrioritizeQueueTimeConstraint,1
EQ_WAFER_549,PrioritizeQueueTimeConstraint,1
EQ_WAFER_550,PrioritizeQueueTimeConstraint,1
EQ_WAFER_551,PrioritizeQueueTimeConstraint,1
EQ_WAFER_552,PrioritizeQueueTimeConstraint,1
EQ_WAFER_553,PrioritizeQueueTimeConstraint,1
EQ_WAFER_554,PrioritizeQueueTimeConstraint,1
EQ_WAFER_555,PrioritizeQueueTimeConstraint,1
EQ_WAFER_556,PrioritizeQueueTimeConstraint,1
EQ_WAFER_557,PrioritizeQueueTimeConstraint,1
EQ_WAFER_558,PrioritizeQueueTimeConstraint,1
EQ_WAFER_559,PrioritizeQueueTimeConstraint,1
EQ_WAFER_560,PrioritizeQueueTimeConstraint,1
EQ_WAFER_561,PrioritizeQueueTimeConstraint,1
EQ_WAFER_562,PrioritizeQueueTimeConstraint,1
EQ_WAFER_563,PrioritizeQueueTimeConstraint,1
EQ_WAFER_564,PrioritizeQueueTimeConstraint,1
EQ_WAFER_565,PrioritizeQueueTimeConstraint,1
EQ_WAFER_566,PrioritizeQueueTimeConstraint,1
EQ_WAFER_567,PrioritizeQueueTimeConstraint,1
EQ_WAFER_568,PrioritizeQueueTimeConstraint,1
EQ_WAFER_569,PrioritizeQueueTimeConstraint,1
EQ_WAFER_570,PrioritizeQueueTimeConstraint,1
EQ_WAFER_571,PrioritizeQueueTimeConstraint,1
EQ_WAFER_572,PrioritizeQueueTimeConstraint,1
EQ_WAFER_573,PrioritizeQueueTimeConstraint,1
EQ_WAFER_574,PrioritizeQueueTimeConstraint,1
EQ_WAFER_575,PrioritizeQueueTimeConstraint,1
EQ_WAFER_586,PrioritizeQueueTimeConstraint,1
EQ_WAFER_587,PrioritizeQueueTimeConstraint,1
EQ_WAFER_588,PrioritizeQueueTimeConstraint,1
EQ_WAFER_589,PrioritizeQueueTimeConstraint,1
EQ_WAFER_590,PrioritizeQueueTimeConstraint,1
EQ_WAFER_591,PrioritizeQueueTimeConstraint,1
EQ_WAFER_592,PrioritizeQueueTimeConstraint,1
EQ_WAFER_593,PrioritizeQueueTimeConstraint,1
EQ_WAFER_594,PrioritizeQueueTimeConstraint,1
EQ_WAFER_400,PrioritizeQueueTimeConstraint,1
EQ_WAFER_401,PrioritizeQueueTimeConstraint,1
EQ_WAFER_402,PrioritizeQueueTimeConstraint,1
EQ_WAFER_403,PrioritizeQueueTimeConstraint,1
EQ_WAFER_404,PrioritizeQueueTimeConstraint,1
EQ_WAFER_576,PrioritizeQueueTimeConstraint,1
EQ_WAFER_577,PrioritizeQueueTimeConstraint,1
EQ_WAFER_578,PrioritizeQueueTimeConstraint,1
EQ_WAFER_351,PrioritizeQueueTimeConstraint,1
EQ_WAFER_352,PrioritizeQueueTimeConstraint,1
EQ_WAFER_353,PrioritizeQueueTimeConstraint,1
EQ_WAFER_337,PrioritizeQueueTimeConstraint,1
EQ_WAFER_338,PrioritizeQueueTimeConstraint,1
EQ_WAFER_345,PrioritizeQueueTimeConstraint,1
EQ_WAFER_346,PrioritizeQueueTimeConstraint,1
EQ_WAFER_347,PrioritizeQueueTimeConstraint,1
EQ_WAFER_348,PrioritizeQueueTimeConstraint,1
EQ_WAFER_349,PrioritizeQueueTimeConstraint,1
EQ_WAFER_209,PrioritizeQueueTimeConstraint,1
EQ_WAFER_210,PrioritizeQueueTimeConstraint,1
EQ_WAFER_211,PrioritizeQueueTimeConstraint,1
EQ_WAFER_212,PrioritizeQueueTimeConstraint,1
EQ_WAFER_213,PrioritizeQueueTimeConstraint,1
EQ_WAFER_214,PrioritizeQueueTimeConstraint,1
EQ_WAFER_215,PrioritizeQueueTimeConstraint,1
EQ_WAFER_216,PrioritizeQueueTimeConstraint,1
EQ_WAFER_217,PrioritizeQueueTimeConstraint,1
EQ_WAFER_218,PrioritizeQueueTimeConstraint,1
EQ_WAFER_219,PrioritizeQueueTimeConstraint,1
EQ_WAFER_220,PrioritizeQueueTimeConstraint,1
EQ_WAFER_221,PrioritizeQueueTimeConstraint,1
EQ_WAFER_451,PrioritizeQueueTimeConstraint,1
EQ_WAFER_452,PrioritizeQueueTimeConstraint,1
EQ_WAFER_453,PrioritizeQueueTimeConstraint,1
EQ_WAFER_454,PrioritizeQueueTimeConstraint,1
EQ_WAFER_455,PrioritizeQueueTimeConstraint,1
EQ_WAFER_456,PrioritizeQueueTimeConstraint,1
EQ_WAFER_457,PrioritizeQueueTimeConstraint,1
EQ_WAFER_458,PrioritizeQueueTimeConstraint,1
EQ_WAFER_459,PrioritizeQueueTimeConstraint,1
EQ_WAFER_460,PrioritizeQueueTimeConstraint,1
EQ_WAFER_461,PrioritizeQueueTimeConstraint,1
EQ_WAFER_462,PrioritizeQueueTimeConstraint,1
EQ_WAFER_463,PrioritizeQueueTimeConstraint,1
EQ_WAFER_464,PrioritizeQueueTimeConstraint,1
EQ_WAFER_465,PrioritizeQueueTimeConstraint,1
EQ_WAFER_466,PrioritizeQueueTimeConstraint,1
EQ_WAFER_467,PrioritizeQueueTimeConstraint,1
EQ_WAFER_468,PrioritizeQueueTimeConstraint,1
EQ_WAFER_469,PrioritizeQueueTimeConstraint,1
EQ_WAFER_470,PrioritizeQueueTimeConstraint,1
EQ_WAFER_290,PrioritizeQueueTimeConstraint,1
EQ_WAFER_291,PrioritizeQueueTimeConstraint,1
EQ_WAFER_292,PrioritizeQueueTimeConstraint,1
EQ_WAFER_293,PrioritizeQueueTimeConstraint,1
EQ_WAFER_294,PrioritizeQueueTimeConstraint,1
EQ_WAFER_471,PrioritizeQueueTimeConstraint,1
EQ_WAFER_119,PrioritizeQueueTimeConstraint,1
EQ_WAFER_120,PrioritizeQueueTimeConstraint,1
EQ_WAFER_121,PrioritizeQueueTimeConstraint,1
EQ_WAFER_122,PrioritizeQueueTimeConstraint,1
EQ_WAFER_123,PrioritizeQueueTimeConstraint,1
EQ_WAFER_124,PrioritizeQueueTimeConstraint,1
EQ_WAFER_125,PrioritizeQueueTimeConstraint,1
EQ_WAFER_126,PrioritizeQueueTimeConstraint,1
EQ_WAFER_127,PrioritizeQueueTimeConstraint,1
EQ_WAFER_128,PrioritizeQueueTimeConstraint,1
EQ_WAFER_129,PrioritizeQueueTimeConstraint,1
EQ_WAFER_130,PrioritizeQueueTimeConstraint,1
EQ_WAFER_516,PrioritizeQueueTimeConstraint,1
EQ_WAFER_113,PrioritizeQueueTimeConstraint,1
EQ_WAFER_114,PrioritizeQueueTimeConstraint,1
EQ_WAFER_115,PrioritizeQueueTimeConstraint,1
EQ_WAFER_116,PrioritizeQueueTimeConstraint,1
EQ_WAFER_2,PrioritizeQueueTimeConstraint,1
EQ_WAFER_3,PrioritizeQueueTimeConstraint,1
EQ_WAFER_4,PrioritizeQueueTimeConstraint,1
EQ_WAFER_5,PrioritizeQueueTimeConstraint,1
EQ_WAFER_6,PrioritizeQueueTimeConstraint,1
EQ_WAFER_7,PrioritizeQueueTimeConstraint,1
EQ_WAFER_8,PrioritizeQueueTimeConstraint,1
EQ_WAFER_9,PrioritizeQueueTimeConstraint,1
EQ_WAFER_10,PrioritizeQueueTimeConstraint,1
EQ_WAFER_11,PrioritizeQueueTimeConstraint,1
EQ_WAFER_12,PrioritizeQueueTimeConstraint,1
EQ_WAFER_13,PrioritizeQueueTimeConstraint,1
EQ_WAFER_14,PrioritizeQueueTimeConstraint,1
EQ_WAFER_15,PrioritizeQueueTimeConstraint,1
EQ_WAFER_16,PrioritizeQueueTimeConstraint,1
EQ_WAFER_17,PrioritizeQueueTimeConstraint,1
EQ_WAFER_18,PrioritizeQueueTimeConstraint,1
EQ_WAFER_19,PrioritizeQueueTimeConstraint,1
EQ_WAFER_20,PrioritizeQueueTimeConstraint,1
EQ_WAFER_21,PrioritizeQueueTimeConstraint,1
EQ_WAFER_22,PrioritizeQueueTimeConstraint,1
EQ_WAFER_23,PrioritizeQueueTimeConstraint,1
EQ_WAFER_24,PrioritizeQueueTimeConstraint,1
EQ_WAFER_25,PrioritizeQueueTimeConstraint,1
EQ_WAFER_368,PrioritizeQueueTimeConstraint,1
EQ_WAFER_369,PrioritizeQueueTimeConstraint,1
EQ_WAFER_370,PrioritizeQueueTimeConstraint,1
EQ_WAFER_371,PrioritizeQueueTimeConstraint,1
EQ_WAFER_372,PrioritizeQueueTimeConstraint,1
EQ_WAFER_264,PrioritizeQueueTimeConstraint,1
EQ_WAFER_265,PrioritizeQueueTimeConstraint,1
EQ_WAFER_266,PrioritizeQueueTimeConstraint,1
EQ_WAFER_267,PrioritizeQueueTimeConstraint,1
EQ_WAFER_268,PrioritizeQueueTimeConstraint,1
EQ_WAFER_269,PrioritizeQueueTimeConstraint,1
EQ_WAFER_270,PrioritizeQueueTimeConstraint,1
EQ_BATCH_304,PrioritizeQueueTimeConstraint,1
EQ_BATCH_305,PrioritizeQueueTimeConstraint,1
EQ_BATCH_306,PrioritizeQueueTimeConstraint,1
EQ_BATCH_298,PrioritizeQueueTimeConstraint,1
EQ_BATCH_307,PrioritizeQueueTimeConstraint,1
EQ_BATCH_308,PrioritizeQueueTimeConstraint,1
EQ_BATCH_309,PrioritizeQueueTimeConstraint,1
EQ_BATCH_310,PrioritizeQueueTimeConstraint,1
EQ_BATCH_311,PrioritizeQueueTimeConstraint,1
EQ_BATCH_312,PrioritizeQueueTimeConstraint,1
EQ_BATCH_313,PrioritizeQueueTimeConstraint,1
EQ_BATCH_314,PrioritizeQueueTimeConstraint,1
EQ_BATCH_315,PrioritizeQueueTimeConstraint,1
EQ_BATCH_316,PrioritizeQueueTimeConstraint,1
EQ_BATCH_317,PrioritizeQueueTimeConstraint,1
EQ_BATCH_318,PrioritizeQueueTimeConstraint,1
EQ_BATCH_319,PrioritizeQueueTimeConstraint,1
EQ_LOT_109,PrioritizeQueueTimeConstraint,1
EQ_LOT_110,PrioritizeQueueTimeConstraint,1
EQ_LOT_111,PrioritizeQueueTimeConstraint,1
EQ_LOT_112,PrioritizeQueueTimeConstraint,1
EQ_LOT_113,PrioritizeQueueTimeConstraint,1
EQ_WAFER_361,PrioritizeQueueTimeConstraint,1
EQ_WAFER_362,PrioritizeQueueTimeConstraint,1
EQ_LOT_114,PrioritizeQueueTimeConstraint,1
EQ_WAFER_363,PrioritizeQueueTimeConstraint,1
EQ_WAFER_364,PrioritizeQueueTimeConstraint,1
EQ_WAFER_365,PrioritizeQueueTimeConstraint,1
EQ_WAFER_435,PrioritizeQueueTimeConstraint,1
EQ_LOT_143,PrioritizeQueueTimeConstraint,1
EQ_BATCH_320,PrioritizeQueueTimeConstraint,1
EQ_BATCH_321,PrioritizeQueueTimeConstraint,1
EQ_BATCH_359,PrioritizeQueueTimeConstraint,1
EQ_BATCH_360,PrioritizeQueueTimeConstraint,1
EQ_BATCH_361,PrioritizeQueueTimeConstraint,1
EQ_BATCH_362,PrioritizeQueueTimeConstraint,1
EQ_BATCH_322,PrioritizeQueueTimeConstraint,1
EQ_BATCH_323,PrioritizeQueueTimeConstraint,1
EQ_BATCH_324,PrioritizeQueueTimeConstraint,1
EQ_BATCH_325,PrioritizeQueueTimeConstraint,1
EQ_BATCH_326,PrioritizeQueueTimeConstraint,1
EQ_BATCH_327,PrioritizeQueueTimeConstraint,1
EQ_BATCH_328,PrioritizeQueueTimeConstraint,1
EQ_BATCH_329,PrioritizeQueueTimeConstraint,1
EQ_BATCH_330,PrioritizeQueueTimeConstraint,1
EQ_BATCH_331,PrioritizeQueueTimeConstraint,1
EQ_BATCH_332,PrioritizeQueueTimeConstraint,1
EQ_BATCH_333,PrioritizeQueueTimeConstraint,1
EQ_BATCH_334,PrioritizeQueueTimeConstraint,1
EQ_BATCH_299,PrioritizeQueueTimeConstraint,1
EQ_BATCH_300,PrioritizeQueueTimeConstraint,1
EQ_BATCH_301,PrioritizeQueueTimeConstraint,1
EQ_BATCH_302,PrioritizeQueueTimeConstraint,1
EQ_BATCH_303,PrioritizeQueueTimeConstraint,1
EQ_WAFER_419,PrioritizeQueueTimeConstraint,1
EQ_WAFER_420,PrioritizeQueueTimeConstraint,1
EQ_WAFER_421,PrioritizeQueueTimeConstraint,1
EQ_WAFER_422,PrioritizeQueueTimeConstraint,1
EQ_WAFER_423,PrioritizeQueueTimeConstraint,1
EQ_WAFER_424,PrioritizeQueueTimeConstraint,1
EQ_WAFER_425,PrioritizeQueueTimeConstraint,1
EQ_WAFER_426,PrioritizeQueueTimeConstraint,1
EQ_WAFER_427,PrioritizeQueueTimeConstraint,1
EQ_WAFER_428,PrioritizeQueueTimeConstraint,1
EQ_WAFER_429,PrioritizeQueueTimeConstraint,1
EQ_WAFER_430,PrioritizeQueueTimeConstraint,1
EQ_WAFER_431,PrioritizeQueueTimeConstraint,1
EQ_WAFER_432,PrioritizeQueueTimeConstraint,1
EQ_WAFER_436,PrioritizeQueueTimeConstraint,1
EQ_WAFER_437,PrioritizeQueueTimeConstraint,1
EQ_WAFER_438,PrioritizeQueueTimeConstraint,1
EQ_WAFER_439,PrioritizeQueueTimeConstraint,1
EQ_WAFER_440,PrioritizeQueueTimeConstraint,1
EQ_WAFER_441,PrioritizeQueueTimeConstraint,1
EQ_WAFER_405,PrioritizeQueueTimeConstraint,1
EQ_WAFER_442,PrioritizeQueueTimeConstraint,1
EQ_WAFER_443,PrioritizeQueueTimeConstraint,1
EQ_WAFER_444,PrioritizeQueueTimeConstraint,1
EQ_LOT_141,PrioritizeQueueTimeConstraint,1
EQ_WAFER_406,PrioritizeQueueTimeConstraint,1
EQ_WAFER_407,PrioritizeQueueTimeConstraint,1
EQ_WAFER_408,PrioritizeQueueTimeConstraint,1
EQ_WAFER_409,PrioritizeQueueTimeConstraint,1
EQ_BATCH_376,PrioritizeQueueTimeConstraint,1
EQ_BATCH_377,PrioritizeQueueTimeConstraint,1
EQ_BATCH_378,PrioritizeQueueTimeConstraint,1
EQ_BATCH_379,PrioritizeQueueTimeConstraint,1
EQ_BATCH_380,PrioritizeQueueTimeConstraint,1
EQ_BATCH_381,PrioritizeQueueTimeConstraint,1
EQ_BATCH_382,PrioritizeQueueTimeConstraint,1
EQ_BATCH_383,PrioritizeQueueTimeConstraint,1
EQ_BATCH_384,PrioritizeQueueTimeConstraint,1
EQ_BATCH_385,PrioritizeQueueTimeConstraint,1
EQ_BATCH_386,PrioritizeQueueTimeConstraint,1
EQ_BATCH_387,PrioritizeQueueTimeConstraint,1
EQ_BATCH_388,PrioritizeQueueTimeConstraint,1
EQ_BATCH_389,PrioritizeQueueTimeConstraint,1
EQ_BATCH_363,PrioritizeQueueTimeConstraint,1
