FAB,EQPT_GROUP_NAME,EQPT_ID,CHAMBER,START_DATE,END_DATE
SIMTECH,EG_WAFER_1,EQ_WAFER_1,,,
SIMTECH,EG_WAFER_3,EQ_WAFER_26,,,
SIMTECH,EG_WAFER_4,EQ_WAFER_27,,,
SIMTECH,EG_WAFER_61,EQ_WAFER_343,,,
SIMTECH,EG_WAFER_87,EQ_WAFER_473,,,
SIMTECH,EG_WAFER_87,EQ_WAFER_474,,,
SIMTECH,EG_WAFER_20,EQ_WAFER_132,,,
SIMTECH,EG_BATCH_6,EQ_BATCH_296,,,
SIMTECH,EG_WAFER_63,EQ_WAFER_356,,,
SIMTECH,EG_BATCH_6,EQ_BATCH_297,,,
SIMTECH,EG_BATCH_12,EQ_BATCH_335,,,
SIMTECH,EG_BATCH_12,EQ_LOT_32,,,
SIMTECH,EG_WAFER_31,EQ_WAFER_206,,,
SIMTECH,EG_WAFER_88,EQ_WAFER_479,,,
SIMTECH,EG_WAFER_88,EQ_WAFER_480,,,
SIMTECH,EG_WAFER_88,EQ_WAFER_481,,,
SIMTECH,EG_WAFER_57,EQ_WAFER_336,,,
SIMTECH,EG_WAFER_56,EQ_WAFER_334,,,
SIMTECH,EG_WAFER_56,EQ_WAFER_335,,,
SIMTECH,EG_WAFER_104,EQ_WAFER_634,,,
SIMTECH,EG_WAFER_104,EQ_WAFER_635,,,
SIMTECH,EG_WAFER_30,EQ_WAFER_205,,,
SIMTECH,EG_LOT_24,EQ_WAFER_388,,,
SIMTECH,EG_LOT_7,EQ_LOT_14,,,
SIMTECH,EG_LOT_7,EQ_LOT_15,,,
SIMTECH,EG_LOT_7,EQ_LOT_16,,,
SIMTECH,EG_LOT_8,EQ_LOT_28,,,
SIMTECH,EG_WAFER_94,EQ_WAFER_519,,,
SIMTECH,EG_WAFER_94,EQ_WAFER_520,,,
SIMTECH,EG_BATCH_15,EQ_BATCH_354,,,
SIMTECH,EG_WAFER_17,EQ_WAFER_117,,,
SIMTECH,EG_WAFER_17,EQ_WAFER_118,,,
SIMTECH,EG_WAFER_65,EQ_WAFER_366,,,
SIMTECH,EG_WAFER_65,EQ_WAFER_367,,,
SIMTECH,EG_WAFER_96,EQ_WAFER_543,,,
SIMTECH,EG_WAFER_91,EQ_WAFER_490,,,
SIMTECH,EG_WAFER_91,EQ_WAFER_491,,,
SIMTECH,EG_WAFER_32,EQ_WAFER_207,,,
SIMTECH,EG_WAFER_32,EQ_WAFER_208,,,
SIMTECH,EG_WAFER_39,EQ_WAFER_250,,,
SIMTECH,EG_WAFER_26,EQ_WAFER_180,,,
SIMTECH,EG_WAFER_26,EQ_WAFER_181,,,
SIMTECH,EG_WAFER_26,EQ_WAFER_182,,,
SIMTECH,EG_BATCH_19,EQ_BATCH_371,,,
SIMTECH,EG_BATCH_20,EQ_BATCH_372,,,
SIMTECH,EG_LOT_30,EQ_LOT_134,,,
SIMTECH,EG_LOT_30,EQ_LOT_135,,,
SIMTECH,EG_WAFER_80,EQ_WAFER_415,,,
SIMTECH,EG_WAFER_80,EQ_WAFER_416,,,
SIMTECH,EG_BATCH_21,EQ_BATCH_373,,,
SIMTECH,EG_BATCH_21,EQ_LOT_136,,,
SIMTECH,EG_WAFER_15,EQ_WAFER_103,,,
SIMTECH,EG_WAFER_15,EQ_WAFER_104,,,
SIMTECH,EG_WAFER_15,EQ_WAFER_105,,,
SIMTECH,EG_WAFER_15,EQ_WAFER_106,,,
SIMTECH,EG_WAFER_15,EQ_WAFER_107,,,
SIMTECH,EG_WAFER_15,EQ_WAFER_108,,,
SIMTECH,EG_WAFER_15,EQ_WAFER_109,,,
SIMTECH,EG_WAFER_15,EQ_WAFER_110,,,
SIMTECH,EG_WAFER_15,EQ_WAFER_111,,,
SIMTECH,EG_WAFER_15,EQ_WAFER_112,,,
SIMTECH,EG_WAFER_67,EQ_WAFER_373,,,
SIMTECH,EG_WAFER_67,EQ_WAFER_374,,,
SIMTECH,EG_WAFER_67,EQ_WAFER_375,,,
SIMTECH,EG_WAFER_35,EQ_WAFER_241,,,
SIMTECH,EG_WAFER_35,EQ_WAFER_242,,,
SIMTECH,EG_WAFER_35,EQ_WAFER_243,,,
SIMTECH,EG_WAFER_35,EQ_WAFER_244,,,
SIMTECH,EG_WAFER_35,EQ_WAFER_245,,,
SIMTECH,EG_WAFER_113,EQ_WAFER_672,,,
SIMTECH,EG_WAFER_113,EQ_WAFER_673,,,
SIMTECH,EG_WAFER_6,EQ_WAFER_42,,,
SIMTECH,EG_LOT_21,EQ_LOT_76,,,
SIMTECH,EG_LOT_21,EQ_LOT_77,,,
SIMTECH,EG_WAFER_106,EQ_WAFER_640,,,
SIMTECH,EG_WAFER_106,EQ_WAFER_641,,,
SIMTECH,EG_BATCH_3,EQ_BATCH_4,,,
SIMTECH,EG_BATCH_3,EQ_BATCH_5,,,
SIMTECH,EG_BATCH_4,EQ_BATCH_126,,,
SIMTECH,EG_WAFER_104,EQ_WAFER_636,,,
SIMTECH,EG_WAFER_104,EQ_WAFER_637,,,
SIMTECH,EG_WAFER_74,EQ_WAFER_398,,,
SIMTECH,EG_WAFER_74,EQ_WAFER_399,,,
SIMTECH,EG_WAFER_62,EQ_WAFER_350,,,
SIMTECH,EG_WAFER_61,EQ_WAFER_344,,,
SIMTECH,EG_WAFER_80,EQ_WAFER_417,,,
SIMTECH,EG_WAFER_80,EQ_WAFER_418,,,
SIMTECH,EG_WAFER_81,EQ_WAFER_433,,,
SIMTECH,EG_WAFER_81,EQ_WAFER_434,,,
SIMTECH,EG_WAFER_82,EQ_BATCH_374,,,
SIMTECH,EG_WAFER_82,EQ_BATCH_375,,,
SIMTECH,EG_BATCH_16,EQ_BATCH_355,,,
SIMTECH,EG_BATCH_16,EQ_BATCH_356,,,
SIMTECH,EG_WAFER_43,EQ_WAFER_258,,,
SIMTECH,EG_WAFER_43,EQ_WAFER_259,,,
SIMTECH,EG_WAFER_37,EQ_WAFER_247,,,
SIMTECH,EG_BATCH_13,EQ_BATCH_339,,,
SIMTECH,EG_WAFER_36,EQ_WAFER_246,,,
SIMTECH,EG_WAFER_26,EQ_WAFER_183,,,
SIMTECH,EG_WAFER_26,EQ_WAFER_184,,,
SIMTECH,EG_WAFER_26,EQ_WAFER_185,,,
SIMTECH,EG_WAFER_26,EQ_WAFER_186,,,
SIMTECH,EG_WAFER_83,EQ_WAFER_446,,,
SIMTECH,EG_WAFER_83,EQ_WAFER_447,,,
SIMTECH,EG_WAFER_83,EQ_WAFER_448,,,
SIMTECH,EG_WAFER_83,EQ_WAFER_449,,,
SIMTECH,EG_WAFER_83,EQ_WAFER_450,,,
SIMTECH,EG_WAFER_52,EQ_WAFER_298,,,
SIMTECH,EG_WAFER_53,EQ_WAFER_306,,,
SIMTECH,EG_WAFER_53,EQ_WAFER_307,,,
SIMTECH,EG_WAFER_53,EQ_WAFER_308,,,
SIMTECH,EG_WAFER_100,EQ_WAFER_596,,,
SIMTECH,EG_WAFER_100,EQ_WAFER_597,,,
SIMTECH,EG_WAFER_100,EQ_WAFER_598,,,
SIMTECH,EG_WAFER_100,EQ_WAFER_599,,,
SIMTECH,EG_WAFER_44,EQ_WAFER_260,,,
SIMTECH,EG_BATCH_3,EQ_BATCH_6,,,
SIMTECH,EG_BATCH_3,EQ_BATCH_7,,,
SIMTECH,EG_LOT_28,EQ_LOT_131,,,
SIMTECH,EG_WAFER_38,EQ_WAFER_248,,,
SIMTECH,EG_WAFER_38,EQ_WAFER_249,,,
SIMTECH,EG_WAFER_111,EQ_WAFER_668,,,
SIMTECH,EG_LOT_7,EQ_LOT_17,,,
SIMTECH,EG_WAFER_50,EQ_WAFER_287,,,
SIMTECH,EG_WAFER_21,EQ_WAFER_133,,,
SIMTECH,EG_WAFER_87,EQ_WAFER_475,,,
SIMTECH,EG_WAFER_87,EQ_WAFER_476,,,
SIMTECH,EG_WAFER_87,EQ_WAFER_477,,,
SIMTECH,EG_WAFER_87,EQ_WAFER_478,,,
SIMTECH,EG_WAFER_88,EQ_WAFER_482,,,
SIMTECH,EG_BATCH_2,EQ_BATCH_2,,,
SIMTECH,EG_BATCH_2,EQ_BATCH_3,,,
SIMTECH,EG_WAFER_112,EQ_WAFER_669,,,
SIMTECH,EG_WAFER_112,EQ_WAFER_670,,,
SIMTECH,EG_WAFER_112,EQ_WAFER_671,,,
SIMTECH,EG_LOT_3,EQ_LOT_6,,,
SIMTECH,EG_WAFER_73,EQ_WAFER_394,,,
SIMTECH,EG_WAFER_73,EQ_WAFER_395,,,
SIMTECH,EG_WAFER_97,EQ_WAFER_579,,,
SIMTECH,EG_WAFER_97,EQ_WAFER_580,,,
SIMTECH,EG_WAFER_97,EQ_WAFER_581,,,
SIMTECH,EG_LOT_2,EQ_LOT_3,,,
SIMTECH,EG_LOT_2,EQ_LOT_4,,,
SIMTECH,EG_LOT_2,EQ_LOT_5,,,
SIMTECH,EG_WAFER_24,EQ_WAFER_177,,,
SIMTECH,EG_WAFER_24,EQ_WAFER_178,,,
SIMTECH,EG_WAFER_24,EQ_WAFER_179,,,
SIMTECH,EG_LOT_11,EQ_LOT_44,,,
SIMTECH,EG_WAFER_71,EQ_WAFER_389,,,
SIMTECH,EG_LOT_20,EQ_LOT_75,,,
SIMTECH,EG_LOT_9,EQ_LOT_27,,,
SIMTECH,EG_BATCH_17,EQ_BATCH_364,,,
SIMTECH,EG_BATCH_17,EQ_BATCH_365,,,
SIMTECH,EG_BATCH_17,EQ_BATCH_366,,,
SIMTECH,EG_BATCH_17,EQ_BATCH_367,,,
SIMTECH,EG_BATCH_17,EQ_BATCH_368,,,
SIMTECH,EG_BATCH_12,EQ_BATCH_336,,,
SIMTECH,EG_BATCH_12,EQ_BATCH_337,,,
SIMTECH,EG_BATCH_12,EQ_BATCH_338,,,
SIMTECH,EG_WAFER_68,EQ_WAFER_383,,,
SIMTECH,EG_WAFER_68,EQ_WAFER_384,,,
SIMTECH,EG_WAFER_68,EQ_WAFER_385,,,
SIMTECH,EG_WAFER_68,EQ_WAFER_386,,,
SIMTECH,EG_BATCH_1,EQ_BATCH_1,,,
SIMTECH,EG_BATCH_4,EQ_BATCH_127,,,
SIMTECH,EG_BATCH_4,EQ_BATCH_128,,,
SIMTECH,EG_WAFER_53,EQ_WAFER_309,,,
SIMTECH,EG_LOT_5,EQ_LOT_11,,,
SIMTECH,EG_LOT_5,EQ_LOT_12,,,
SIMTECH,EG_WAFER_8,EQ_WAFER_57,,,
SIMTECH,EG_LOT_13,EQ_LOT_52,,,
SIMTECH,EG_BATCH_18,EQ_BATCH_369,,,
SIMTECH,EG_BATCH_18,EQ_BATCH_370,,,
SIMTECH,EG_WAFER_92,EQ_WAFER_517,,,
SIMTECH,EG_WAFER_92,EQ_WAFER_518,,,
SIMTECH,EG_WAFER_77,EQ_WAFER_410,,,
SIMTECH,EG_WAFER_77,EQ_WAFER_411,,,
SIMTECH,EG_WAFER_77,EQ_WAFER_412,,,
SIMTECH,EG_WAFER_77,EQ_WAFER_413,,,
SIMTECH,EG_WAFER_88,EQ_WAFER_483,,,
SIMTECH,EG_WAFER_27,EQ_WAFER_200,,,
SIMTECH,EG_WAFER_27,EQ_WAFER_201,,,
SIMTECH,EG_WAFER_26,EQ_WAFER_187,,,
SIMTECH,EG_WAFER_102,EQ_WAFER_619,,,
SIMTECH,EG_WAFER_97,EQ_WAFER_582,,,
SIMTECH,EG_WAFER_97,EQ_WAFER_583,,,
SIMTECH,EG_WAFER_97,EQ_WAFER_584,,,
SIMTECH,EG_WAFER_97,EQ_WAFER_585,,,
SIMTECH,EG_WAFER_70,EQ_WAFER_387,,,
SIMTECH,EG_WAFER_102,EQ_WAFER_620,,,
SIMTECH,EG_BATCH_14,EQ_BATCH_340,,,
SIMTECH,EG_BATCH_14,EQ_BATCH_341,,,
SIMTECH,EG_WAFER_76,EQ_WAFER_414,,,
SIMTECH,EG_BATCH_22,EQ_WAFER_445,,,
SIMTECH,EG_WAFER_12,EQ_WAFER_85,,,
SIMTECH,EG_WAFER_11,EQ_WAFER_69,,,
SIMTECH,EG_WAFER_11,EQ_WAFER_70,,,
SIMTECH,EG_WAFER_11,EQ_WAFER_71,,,
SIMTECH,EG_WAFER_11,EQ_WAFER_72,,,
SIMTECH,EG_WAFER_11,EQ_WAFER_73,,,
SIMTECH,EG_WAFER_11,EQ_WAFER_74,,,
SIMTECH,EG_WAFER_11,EQ_WAFER_75,,,
SIMTECH,EG_WAFER_12,EQ_WAFER_86,,,
SIMTECH,EG_WAFER_11,EQ_WAFER_76,,,
SIMTECH,EG_WAFER_11,EQ_WAFER_77,,,
SIMTECH,EG_WAFER_11,EQ_WAFER_78,,,
SIMTECH,EG_WAFER_11,EQ_WAFER_79,,,
SIMTECH,EG_WAFER_11,EQ_WAFER_80,,,
SIMTECH,EG_WAFER_11,EQ_WAFER_81,,,
SIMTECH,EG_WAFER_11,EQ_WAFER_82,,,
SIMTECH,EG_WAFER_11,EQ_WAFER_83,,,
SIMTECH,EG_WAFER_11,EQ_WAFER_84,,,
SIMTECH,EG_WAFER_12,EQ_WAFER_87,,,
SIMTECH,EG_WAFER_42,EQ_WAFER_257,,,
SIMTECH,EG_WAFER_9,EQ_WAFER_44,,,
SIMTECH,EG_WAFER_9,EQ_WAFER_45,,,
SIMTECH,EG_WAFER_9,EQ_WAFER_46,,,
SIMTECH,EG_WAFER_9,EQ_WAFER_47,,,
SIMTECH,EG_WAFER_9,EQ_WAFER_48,,,
SIMTECH,EG_WAFER_9,EQ_WAFER_49,,,
SIMTECH,EG_WAFER_9,EQ_WAFER_50,,,
SIMTECH,EG_WAFER_9,EQ_WAFER_51,,,
SIMTECH,EG_WAFER_9,EQ_WAFER_52,,,
SIMTECH,EG_WAFER_9,EQ_WAFER_53,,,
SIMTECH,EG_WAFER_9,EQ_WAFER_54,,,
SIMTECH,EG_WAFER_9,EQ_WAFER_55,,,
SIMTECH,EG_WAFER_9,EQ_WAFER_56,,,
SIMTECH,EG_WAFER_47,EQ_WAFER_271,,,
SIMTECH,EG_WAFER_47,EQ_WAFER_272,,,
SIMTECH,EG_WAFER_47,EQ_WAFER_273,,,
SIMTECH,EG_WAFER_69,EQ_WAFER_376,,,
SIMTECH,EG_WAFER_69,EQ_WAFER_377,,,
SIMTECH,EG_WAFER_69,EQ_WAFER_378,,,
SIMTECH,EG_WAFER_69,EQ_WAFER_379,,,
SIMTECH,EG_WAFER_47,EQ_WAFER_274,,,
SIMTECH,EG_WAFER_69,EQ_WAFER_380,,,
SIMTECH,EG_WAFER_69,EQ_WAFER_381,,,
SIMTECH,EG_WAFER_52,EQ_WAFER_299,,,
SIMTECH,EG_WAFER_52,EQ_WAFER_300,,,
SIMTECH,EG_WAFER_52,EQ_WAFER_301,,,
SIMTECH,EG_WAFER_52,EQ_WAFER_302,,,
SIMTECH,EG_WAFER_52,EQ_WAFER_303,,,
SIMTECH,EG_WAFER_52,EQ_WAFER_304,,,
SIMTECH,EG_WAFER_52,EQ_WAFER_305,,,
SIMTECH,EG_WAFER_108,EQ_WAFER_651,,,
SIMTECH,EG_WAFER_108,EQ_WAFER_652,,,
SIMTECH,EG_WAFER_108,EQ_WAFER_653,,,
SIMTECH,EG_WAFER_53,EQ_WAFER_310,,,
SIMTECH,EG_WAFER_53,EQ_WAFER_311,,,
SIMTECH,EG_WAFER_53,EQ_WAFER_312,,,
SIMTECH,EG_WAFER_53,EQ_WAFER_313,,,
SIMTECH,EG_WAFER_53,EQ_WAFER_314,,,
SIMTECH,EG_WAFER_53,EQ_WAFER_315,,,
SIMTECH,EG_WAFER_53,EQ_WAFER_316,,,
SIMTECH,EG_WAFER_53,EQ_WAFER_317,,,
SIMTECH,EG_WAFER_53,EQ_WAFER_318,,,
SIMTECH,EG_WAFER_53,EQ_WAFER_319,,,
SIMTECH,EG_WAFER_53,EQ_WAFER_320,,,
SIMTECH,EG_WAFER_53,EQ_WAFER_321,,,
SIMTECH,EG_WAFER_53,EQ_WAFER_322,,,
SIMTECH,EG_WAFER_53,EQ_WAFER_323,,,
SIMTECH,EG_WAFER_53,EQ_WAFER_324,,,
SIMTECH,EG_WAFER_53,EQ_WAFER_325,,,
SIMTECH,EG_WAFER_53,EQ_WAFER_326,,,
SIMTECH,EG_WAFER_53,EQ_WAFER_327,,,
SIMTECH,EG_WAFER_53,EQ_WAFER_328,,,
SIMTECH,EG_WAFER_53,EQ_WAFER_329,,,
SIMTECH,EG_WAFER_54,EQ_WAFER_330,,,
SIMTECH,EG_WAFER_54,EQ_WAFER_331,,,
SIMTECH,EG_WAFER_5,EQ_WAFER_28,,,
SIMTECH,EG_WAFER_5,EQ_WAFER_29,,,
SIMTECH,EG_WAFER_5,EQ_WAFER_30,,,
SIMTECH,EG_WAFER_5,EQ_WAFER_31,,,
SIMTECH,EG_WAFER_5,EQ_WAFER_32,,,
SIMTECH,EG_WAFER_5,EQ_WAFER_33,,,
SIMTECH,EG_WAFER_5,EQ_WAFER_34,,,
SIMTECH,EG_WAFER_5,EQ_WAFER_35,,,
SIMTECH,EG_WAFER_5,EQ_WAFER_36,,,
SIMTECH,EG_WAFER_5,EQ_WAFER_37,,,
SIMTECH,EG_WAFER_5,EQ_WAFER_38,,,
SIMTECH,EG_WAFER_5,EQ_WAFER_39,,,
SIMTECH,EG_WAFER_5,EQ_WAFER_40,,,
SIMTECH,EG_WAFER_5,EQ_WAFER_41,,,
SIMTECH,EG_WAFER_95,EQ_WAFER_534,,,
SIMTECH,EG_WAFER_95,EQ_WAFER_535,,,
SIMTECH,EG_WAFER_95,EQ_WAFER_536,,,
SIMTECH,EG_WAFER_95,EQ_WAFER_537,,,
SIMTECH,EG_WAFER_95,EQ_WAFER_538,,,
SIMTECH,EG_WAFER_95,EQ_WAFER_539,,,
SIMTECH,EG_WAFER_95,EQ_WAFER_540,,,
SIMTECH,EG_WAFER_95,EQ_WAFER_541,,,
SIMTECH,EG_WAFER_95,EQ_WAFER_542,,,
SIMTECH,EG_LOT_21,EQ_LOT_78,,,
SIMTECH,EG_LOT_21,EQ_LOT_79,,,
SIMTECH,EG_LOT_21,EQ_LOT_80,,,
SIMTECH,EG_LOT_21,EQ_LOT_81,,,
SIMTECH,EG_LOT_21,EQ_LOT_82,,,
SIMTECH,EG_LOT_21,EQ_LOT_83,,,
SIMTECH,EG_LOT_21,EQ_LOT_84,,,
SIMTECH,EG_LOT_21,EQ_LOT_85,,,
SIMTECH,EG_LOT_21,EQ_LOT_86,,,
SIMTECH,EG_LOT_21,EQ_LOT_87,,,
SIMTECH,EG_LOT_21,EQ_LOT_88,,,
SIMTECH,EG_LOT_21,EQ_LOT_89,,,
SIMTECH,EG_LOT_21,EQ_LOT_90,,,
SIMTECH,EG_LOT_21,EQ_LOT_91,,,
SIMTECH,EG_LOT_21,EQ_LOT_92,,,
SIMTECH,EG_LOT_21,EQ_LOT_93,,,
SIMTECH,EG_LOT_21,EQ_LOT_94,,,
SIMTECH,EG_LOT_21,EQ_LOT_95,,,
SIMTECH,EG_LOT_21,EQ_LOT_96,,,
SIMTECH,EG_LOT_21,EQ_LOT_97,,,
SIMTECH,EG_LOT_21,EQ_LOT_98,,,
SIMTECH,EG_LOT_21,EQ_LOT_99,,,
SIMTECH,EG_LOT_21,EQ_LOT_100,,,
SIMTECH,EG_LOT_21,EQ_LOT_101,,,
SIMTECH,EG_LOT_21,EQ_LOT_102,,,
SIMTECH,EG_LOT_21,EQ_LOT_103,,,
SIMTECH,EG_LOT_21,EQ_LOT_104,,,
SIMTECH,EG_LOT_21,EQ_LOT_105,,,
SIMTECH,EG_LOT_21,EQ_LOT_106,,,
SIMTECH,EG_LOT_21,EQ_WAFER_341,,,
SIMTECH,EG_LOT_21,EQ_LOT_107,,,
SIMTECH,EG_WAFER_64,EQ_WAFER_357,,,
SIMTECH,EG_WAFER_64,EQ_WAFER_358,,,
SIMTECH,EG_WAFER_64,EQ_WAFER_359,,,
SIMTECH,EG_WAFER_64,EQ_WAFER_360,,,
SIMTECH,EG_WAFER_7,EQ_WAFER_43,,,
SIMTECH,EG_WAFER_99,EQ_WAFER_595,,,
SIMTECH,EG_WAFER_72,EQ_WAFER_390,,,
SIMTECH,EG_WAFER_72,EQ_WAFER_391,,,
SIMTECH,EG_WAFER_72,EQ_WAFER_392,,,
SIMTECH,EG_WAFER_72,EQ_WAFER_393,,,
SIMTECH,EG_WAFER_45,EQ_WAFER_261,,,
SIMTECH,EG_WAFER_45,EQ_WAFER_262,,,
SIMTECH,EG_WAFER_45,EQ_WAFER_263,,,
SIMTECH,EG_WAFER_58,EQ_WAFER_339,,,
SIMTECH,EG_WAFER_25,EQ_WAFER_168,,,
SIMTECH,EG_WAFER_25,EQ_WAFER_169,,,
SIMTECH,EG_WAFER_25,EQ_WAFER_170,,,
SIMTECH,EG_WAFER_25,EQ_WAFER_171,,,
SIMTECH,EG_WAFER_25,EQ_WAFER_172,,,
SIMTECH,EG_WAFER_25,EQ_WAFER_173,,,
SIMTECH,EG_WAFER_25,EQ_WAFER_174,,,
SIMTECH,EG_WAFER_25,EQ_WAFER_175,,,
SIMTECH,EG_WAFER_25,EQ_WAFER_176,,,
SIMTECH,EG_WAFER_23,EQ_WAFER_135,,,
SIMTECH,EG_WAFER_23,EQ_WAFER_136,,,
SIMTECH,EG_WAFER_23,EQ_WAFER_137,,,
SIMTECH,EG_WAFER_23,EQ_WAFER_138,,,
SIMTECH,EG_WAFER_23,EQ_WAFER_139,,,
SIMTECH,EG_WAFER_23,EQ_WAFER_140,,,
SIMTECH,EG_WAFER_23,EQ_WAFER_141,,,
SIMTECH,EG_WAFER_23,EQ_WAFER_142,,,
SIMTECH,EG_WAFER_23,EQ_WAFER_143,,,
SIMTECH,EG_WAFER_23,EQ_WAFER_144,,,
SIMTECH,EG_WAFER_23,EQ_WAFER_145,,,
SIMTECH,EG_WAFER_23,EQ_WAFER_146,,,
SIMTECH,EG_WAFER_23,EQ_WAFER_147,,,
SIMTECH,EG_WAFER_23,EQ_WAFER_148,,,
SIMTECH,EG_WAFER_23,EQ_WAFER_149,,,
SIMTECH,EG_WAFER_23,EQ_WAFER_150,,,
SIMTECH,EG_WAFER_23,EQ_WAFER_151,,,
SIMTECH,EG_WAFER_23,EQ_WAFER_152,,,
SIMTECH,EG_WAFER_23,EQ_WAFER_153,,,
SIMTECH,EG_WAFER_23,EQ_WAFER_154,,,
SIMTECH,EG_WAFER_23,EQ_WAFER_155,,,
SIMTECH,EG_WAFER_23,EQ_WAFER_156,,,
SIMTECH,EG_WAFER_23,EQ_WAFER_157,,,
SIMTECH,EG_WAFER_23,EQ_WAFER_158,,,
SIMTECH,EG_WAFER_23,EQ_WAFER_159,,,
SIMTECH,EG_WAFER_23,EQ_WAFER_160,,,
SIMTECH,EG_WAFER_23,EQ_WAFER_161,,,
SIMTECH,EG_WAFER_23,EQ_WAFER_162,,,
SIMTECH,EG_WAFER_23,EQ_WAFER_163,,,
SIMTECH,EG_WAFER_23,EQ_WAFER_164,,,
SIMTECH,EG_WAFER_23,EQ_WAFER_165,,,
SIMTECH,EG_WAFER_23,EQ_WAFER_166,,,
SIMTECH,EG_WAFER_23,EQ_WAFER_167,,,
SIMTECH,EG_WAFER_22,EQ_WAFER_134,,,
SIMTECH,EG_WAFER_73,EQ_WAFER_396,,,
SIMTECH,EG_WAFER_29,EQ_WAFER_203,,,
SIMTECH,EG_WAFER_29,EQ_WAFER_204,,,
SIMTECH,EG_WAFER_89,EQ_WAFER_484,,,
SIMTECH,EG_WAFER_48,EQ_WAFER_275,,,
SIMTECH,EG_WAFER_48,EQ_WAFER_276,,,
SIMTECH,EG_WAFER_48,EQ_WAFER_277,,,
SIMTECH,EG_WAFER_48,EQ_WAFER_278,,,
SIMTECH,EG_WAFER_48,EQ_WAFER_279,,,
SIMTECH,EG_WAFER_48,EQ_WAFER_280,,,
SIMTECH,EG_WAFER_108,EQ_WAFER_654,,,
SIMTECH,EG_WAFER_90,EQ_WAFER_485,,,
SIMTECH,EG_WAFER_90,EQ_WAFER_486,,,
SIMTECH,EG_WAFER_90,EQ_WAFER_487,,,
SIMTECH,EG_WAFER_90,EQ_WAFER_488,,,
SIMTECH,EG_WAFER_90,EQ_WAFER_489,,,
SIMTECH,EG_WAFER_110,EQ_WAFER_666,,,
SIMTECH,EG_WAFER_110,EQ_WAFER_667,,,
SIMTECH,EG_LOT_37,EQ_LOT_147,,,
SIMTECH,EG_LOT_37,EQ_LOT_148,,,
SIMTECH,EG_WAFER_59,EQ_WAFER_340,,,
SIMTECH,EG_WAFER_49,EQ_WAFER_281,,,
SIMTECH,EG_WAFER_49,EQ_WAFER_282,,,
SIMTECH,EG_WAFER_49,EQ_WAFER_283,,,
SIMTECH,EG_WAFER_49,EQ_WAFER_284,,,
SIMTECH,EG_WAFER_49,EQ_WAFER_285,,,
SIMTECH,EG_WAFER_49,EQ_WAFER_286,,,
SIMTECH,EG_WAFER_94,EQ_WAFER_521,,,
SIMTECH,EG_WAFER_86,EQ_WAFER_472,,,
SIMTECH,EG_BATCH_14,EQ_BATCH_342,,,
SIMTECH,EG_BATCH_14,EQ_BATCH_343,,,
SIMTECH,EG_BATCH_14,EQ_BATCH_344,,,
SIMTECH,EG_BATCH_14,EQ_BATCH_345,,,
SIMTECH,EG_BATCH_14,EQ_BATCH_346,,,
SIMTECH,EG_BATCH_14,EQ_BATCH_347,,,
SIMTECH,EG_BATCH_16,EQ_BATCH_357,,,
SIMTECH,EG_BATCH_16,EQ_BATCH_358,,,
SIMTECH,EG_WAFER_33,EQ_WAFER_222,,,
SIMTECH,EG_WAFER_33,EQ_WAFER_223,,,
SIMTECH,EG_WAFER_33,EQ_WAFER_224,,,
SIMTECH,EG_WAFER_33,EQ_WAFER_225,,,
SIMTECH,EG_WAFER_33,EQ_WAFER_226,,,
SIMTECH,EG_WAFER_33,EQ_WAFER_227,,,
SIMTECH,EG_WAFER_33,EQ_WAFER_228,,,
SIMTECH,EG_WAFER_33,EQ_WAFER_229,,,
SIMTECH,EG_WAFER_33,EQ_WAFER_230,,,
SIMTECH,EG_WAFER_33,EQ_WAFER_231,,,
SIMTECH,EG_WAFER_33,EQ_WAFER_232,,,
SIMTECH,EG_WAFER_33,EQ_WAFER_233,,,
SIMTECH,EG_WAFER_33,EQ_WAFER_234,,,
SIMTECH,EG_WAFER_33,EQ_WAFER_235,,,
SIMTECH,EG_WAFER_109,EQ_WAFER_655,,,
SIMTECH,EG_WAFER_109,EQ_WAFER_656,,,
SIMTECH,EG_WAFER_109,EQ_WAFER_657,,,
SIMTECH,EG_WAFER_109,EQ_WAFER_658,,,
SIMTECH,EG_WAFER_109,EQ_WAFER_659,,,
SIMTECH,EG_WAFER_109,EQ_WAFER_660,,,
SIMTECH,EG_WAFER_109,EQ_WAFER_661,,,
SIMTECH,EG_WAFER_109,EQ_WAFER_662,,,
SIMTECH,EG_WAFER_109,EQ_WAFER_663,,,
SIMTECH,EG_WAFER_109,EQ_WAFER_664,,,
SIMTECH,EG_WAFER_109,EQ_WAFER_665,,,
SIMTECH,EG_WAFER_106,EQ_WAFER_642,,,
SIMTECH,EG_WAFER_106,EQ_WAFER_643,,,
SIMTECH,EG_WAFER_26,EQ_WAFER_188,,,
SIMTECH,EG_WAFER_26,EQ_WAFER_189,,,
SIMTECH,EG_WAFER_26,EQ_WAFER_190,,,
SIMTECH,EG_WAFER_28,EQ_WAFER_202,,,
SIMTECH,EG_WAFER_26,EQ_WAFER_191,,,
SIMTECH,EG_WAFER_26,EQ_WAFER_192,,,
SIMTECH,EG_WAFER_26,EQ_WAFER_193,,,
SIMTECH,EG_WAFER_26,EQ_WAFER_194,,,
SIMTECH,EG_WAFER_26,EQ_WAFER_195,,,
SIMTECH,EG_WAFER_26,EQ_WAFER_196,,,
SIMTECH,EG_WAFER_26,EQ_WAFER_197,,,
SIMTECH,EG_WAFER_26,EQ_WAFER_198,,,
SIMTECH,EG_WAFER_26,EQ_WAFER_199,,,
SIMTECH,EG_WAFER_13,EQ_WAFER_88,,,
SIMTECH,EG_WAFER_13,EQ_WAFER_89,,,
SIMTECH,EG_WAFER_13,EQ_WAFER_90,,,
SIMTECH,EG_WAFER_13,EQ_WAFER_91,,,
SIMTECH,EG_WAFER_34,EQ_WAFER_236,,,
SIMTECH,EG_WAFER_34,EQ_WAFER_237,,,
SIMTECH,EG_WAFER_34,EQ_WAFER_238,,,
SIMTECH,EG_WAFER_34,EQ_WAFER_239,,,
SIMTECH,EG_WAFER_34,EQ_WAFER_240,,,
SIMTECH,EG_BATCH_3,EQ_BATCH_8,,,
SIMTECH,EG_BATCH_3,EQ_BATCH_9,,,
SIMTECH,EG_BATCH_3,EQ_BATCH_10,,,
SIMTECH,EG_BATCH_3,EQ_BATCH_11,,,
SIMTECH,EG_BATCH_3,EQ_BATCH_12,,,
SIMTECH,EG_BATCH_3,EQ_BATCH_13,,,
SIMTECH,EG_BATCH_3,EQ_BATCH_14,,,
SIMTECH,EG_BATCH_3,EQ_BATCH_15,,,
SIMTECH,EG_BATCH_3,EQ_BATCH_16,,,
SIMTECH,EG_BATCH_3,EQ_BATCH_17,,,
SIMTECH,EG_BATCH_3,EQ_BATCH_18,,,
SIMTECH,EG_BATCH_3,EQ_BATCH_19,,,
SIMTECH,EG_BATCH_3,EQ_BATCH_20,,,
SIMTECH,EG_BATCH_3,EQ_BATCH_21,,,
SIMTECH,EG_BATCH_3,EQ_BATCH_22,,,
SIMTECH,EG_BATCH_3,EQ_BATCH_23,,,
SIMTECH,EG_BATCH_3,EQ_BATCH_24,,,
SIMTECH,EG_BATCH_3,EQ_BATCH_25,,,
SIMTECH,EG_BATCH_3,EQ_BATCH_26,,,
SIMTECH,EG_BATCH_3,EQ_BATCH_27,,,
SIMTECH,EG_BATCH_3,EQ_BATCH_28,,,
SIMTECH,EG_BATCH_3,EQ_BATCH_29,,,
SIMTECH,EG_BATCH_3,EQ_BATCH_30,,,
SIMTECH,EG_BATCH_3,EQ_BATCH_31,,,
SIMTECH,EG_BATCH_3,EQ_BATCH_32,,,
SIMTECH,EG_BATCH_3,EQ_BATCH_33,,,
SIMTECH,EG_BATCH_3,EQ_BATCH_34,,,
SIMTECH,EG_BATCH_3,EQ_BATCH_35,,,
SIMTECH,EG_BATCH_3,EQ_BATCH_36,,,
SIMTECH,EG_BATCH_3,EQ_BATCH_37,,,
SIMTECH,EG_BATCH_3,EQ_BATCH_38,,,
SIMTECH,EG_BATCH_3,EQ_BATCH_39,,,
SIMTECH,EG_BATCH_3,EQ_BATCH_40,,,
SIMTECH,EG_BATCH_3,EQ_BATCH_41,,,
SIMTECH,EG_BATCH_3,EQ_BATCH_42,,,
SIMTECH,EG_BATCH_3,EQ_BATCH_43,,,
SIMTECH,EG_BATCH_3,EQ_BATCH_44,,,
SIMTECH,EG_BATCH_3,EQ_BATCH_45,,,
SIMTECH,EG_BATCH_3,EQ_BATCH_46,,,
SIMTECH,EG_BATCH_3,EQ_BATCH_47,,,
SIMTECH,EG_BATCH_3,EQ_BATCH_48,,,
SIMTECH,EG_BATCH_3,EQ_BATCH_49,,,
SIMTECH,EG_BATCH_3,EQ_BATCH_50,,,
SIMTECH,EG_BATCH_3,EQ_BATCH_51,,,
SIMTECH,EG_BATCH_3,EQ_BATCH_52,,,
SIMTECH,EG_BATCH_3,EQ_BATCH_53,,,
SIMTECH,EG_BATCH_3,EQ_BATCH_54,,,
SIMTECH,EG_BATCH_3,EQ_BATCH_55,,,
SIMTECH,EG_BATCH_3,EQ_BATCH_56,,,
SIMTECH,EG_BATCH_3,EQ_BATCH_57,,,
SIMTECH,EG_BATCH_3,EQ_BATCH_58,,,
SIMTECH,EG_BATCH_3,EQ_BATCH_59,,,
SIMTECH,EG_BATCH_3,EQ_BATCH_60,,,
SIMTECH,EG_BATCH_3,EQ_BATCH_61,,,
SIMTECH,EG_BATCH_3,EQ_BATCH_62,,,
SIMTECH,EG_BATCH_3,EQ_BATCH_63,,,
SIMTECH,EG_BATCH_3,EQ_BATCH_64,,,
SIMTECH,EG_BATCH_3,EQ_BATCH_65,,,
SIMTECH,EG_BATCH_3,EQ_BATCH_66,,,
SIMTECH,EG_BATCH_3,EQ_BATCH_67,,,
SIMTECH,EG_BATCH_3,EQ_BATCH_68,,,
SIMTECH,EG_BATCH_3,EQ_BATCH_69,,,
SIMTECH,EG_BATCH_3,EQ_BATCH_70,,,
SIMTECH,EG_BATCH_3,EQ_BATCH_71,,,
SIMTECH,EG_BATCH_3,EQ_BATCH_72,,,
SIMTECH,EG_BATCH_3,EQ_BATCH_73,,,
SIMTECH,EG_BATCH_3,EQ_BATCH_74,,,
SIMTECH,EG_BATCH_3,EQ_BATCH_75,,,
SIMTECH,EG_BATCH_3,EQ_BATCH_76,,,
SIMTECH,EG_BATCH_3,EQ_BATCH_77,,,
SIMTECH,EG_BATCH_3,EQ_BATCH_78,,,
SIMTECH,EG_BATCH_3,EQ_BATCH_79,,,
SIMTECH,EG_BATCH_3,EQ_BATCH_80,,,
SIMTECH,EG_BATCH_3,EQ_BATCH_81,,,
SIMTECH,EG_BATCH_3,EQ_BATCH_82,,,
SIMTECH,EG_BATCH_3,EQ_BATCH_83,,,
SIMTECH,EG_BATCH_3,EQ_BATCH_84,,,
SIMTECH,EG_BATCH_3,EQ_BATCH_85,,,
SIMTECH,EG_BATCH_3,EQ_BATCH_86,,,
SIMTECH,EG_BATCH_3,EQ_BATCH_87,,,
SIMTECH,EG_BATCH_3,EQ_BATCH_88,,,
SIMTECH,EG_BATCH_3,EQ_BATCH_89,,,
SIMTECH,EG_BATCH_3,EQ_BATCH_90,,,
SIMTECH,EG_BATCH_3,EQ_BATCH_91,,,
SIMTECH,EG_BATCH_3,EQ_BATCH_92,,,
SIMTECH,EG_BATCH_3,EQ_BATCH_93,,,
SIMTECH,EG_BATCH_3,EQ_BATCH_94,,,
SIMTECH,EG_BATCH_3,EQ_BATCH_95,,,
SIMTECH,EG_BATCH_3,EQ_BATCH_96,,,
SIMTECH,EG_BATCH_3,EQ_BATCH_97,,,
SIMTECH,EG_BATCH_3,EQ_BATCH_98,,,
SIMTECH,EG_BATCH_3,EQ_BATCH_99,,,
SIMTECH,EG_BATCH_3,EQ_BATCH_100,,,
SIMTECH,EG_BATCH_3,EQ_BATCH_101,,,
SIMTECH,EG_BATCH_3,EQ_BATCH_102,,,
SIMTECH,EG_BATCH_3,EQ_BATCH_103,,,
SIMTECH,EG_BATCH_3,EQ_BATCH_104,,,
SIMTECH,EG_BATCH_3,EQ_BATCH_105,,,
SIMTECH,EG_BATCH_3,EQ_BATCH_106,,,
SIMTECH,EG_BATCH_3,EQ_BATCH_107,,,
SIMTECH,EG_BATCH_3,EQ_BATCH_108,,,
SIMTECH,EG_BATCH_3,EQ_BATCH_109,,,
SIMTECH,EG_BATCH_3,EQ_BATCH_110,,,
SIMTECH,EG_BATCH_3,EQ_BATCH_111,,,
SIMTECH,EG_BATCH_3,EQ_BATCH_112,,,
SIMTECH,EG_BATCH_3,EQ_BATCH_113,,,
SIMTECH,EG_BATCH_3,EQ_BATCH_114,,,
SIMTECH,EG_BATCH_3,EQ_BATCH_115,,,
SIMTECH,EG_BATCH_3,EQ_BATCH_116,,,
SIMTECH,EG_BATCH_3,EQ_BATCH_117,,,
SIMTECH,EG_BATCH_3,EQ_BATCH_118,,,
SIMTECH,EG_BATCH_3,EQ_BATCH_119,,,
SIMTECH,EG_BATCH_3,EQ_BATCH_120,,,
SIMTECH,EG_BATCH_3,EQ_BATCH_121,,,
SIMTECH,EG_BATCH_3,EQ_BATCH_122,,,
SIMTECH,EG_BATCH_3,EQ_BATCH_123,,,
SIMTECH,EG_BATCH_3,EQ_BATCH_124,,,
SIMTECH,EG_BATCH_3,EQ_BATCH_125,,,
SIMTECH,EG_BATCH_4,EQ_BATCH_129,,,
SIMTECH,EG_BATCH_4,EQ_BATCH_130,,,
SIMTECH,EG_BATCH_4,EQ_BATCH_131,,,
SIMTECH,EG_BATCH_4,EQ_BATCH_132,,,
SIMTECH,EG_BATCH_4,EQ_BATCH_133,,,
SIMTECH,EG_BATCH_4,EQ_BATCH_134,,,
SIMTECH,EG_BATCH_4,EQ_BATCH_135,,,
SIMTECH,EG_BATCH_4,EQ_BATCH_136,,,
SIMTECH,EG_BATCH_4,EQ_BATCH_137,,,
SIMTECH,EG_BATCH_4,EQ_BATCH_138,,,
SIMTECH,EG_BATCH_4,EQ_BATCH_139,,,
SIMTECH,EG_BATCH_4,EQ_BATCH_140,,,
SIMTECH,EG_BATCH_4,EQ_BATCH_141,,,
SIMTECH,EG_BATCH_4,EQ_BATCH_142,,,
SIMTECH,EG_BATCH_4,EQ_BATCH_143,,,
SIMTECH,EG_BATCH_4,EQ_BATCH_144,,,
SIMTECH,EG_BATCH_4,EQ_BATCH_145,,,
SIMTECH,EG_BATCH_4,EQ_BATCH_146,,,
SIMTECH,EG_BATCH_4,EQ_BATCH_147,,,
SIMTECH,EG_BATCH_4,EQ_BATCH_148,,,
SIMTECH,EG_BATCH_4,EQ_BATCH_149,,,
SIMTECH,EG_BATCH_4,EQ_BATCH_150,,,
SIMTECH,EG_BATCH_4,EQ_BATCH_151,,,
SIMTECH,EG_BATCH_4,EQ_BATCH_152,,,
SIMTECH,EG_BATCH_5,EQ_BATCH_153,,,
SIMTECH,EG_BATCH_5,EQ_BATCH_154,,,
SIMTECH,EG_BATCH_5,EQ_BATCH_155,,,
SIMTECH,EG_BATCH_5,EQ_BATCH_156,,,
SIMTECH,EG_BATCH_5,EQ_BATCH_157,,,
SIMTECH,EG_BATCH_5,EQ_BATCH_158,,,
SIMTECH,EG_BATCH_5,EQ_BATCH_159,,,
SIMTECH,EG_BATCH_5,EQ_BATCH_160,,,
SIMTECH,EG_BATCH_5,EQ_BATCH_161,,,
SIMTECH,EG_BATCH_5,EQ_BATCH_162,,,
SIMTECH,EG_BATCH_5,EQ_BATCH_163,,,
SIMTECH,EG_BATCH_5,EQ_BATCH_164,,,
SIMTECH,EG_BATCH_5,EQ_BATCH_165,,,
SIMTECH,EG_BATCH_5,EQ_BATCH_166,,,
SIMTECH,EG_BATCH_5,EQ_BATCH_167,,,
SIMTECH,EG_BATCH_5,EQ_BATCH_168,,,
SIMTECH,EG_BATCH_5,EQ_BATCH_169,,,
SIMTECH,EG_BATCH_5,EQ_BATCH_170,,,
SIMTECH,EG_BATCH_5,EQ_BATCH_171,,,
SIMTECH,EG_BATCH_5,EQ_BATCH_172,,,
SIMTECH,EG_BATCH_5,EQ_BATCH_173,,,
SIMTECH,EG_BATCH_5,EQ_BATCH_174,,,
SIMTECH,EG_BATCH_5,EQ_BATCH_175,,,
SIMTECH,EG_BATCH_5,EQ_BATCH_176,,,
SIMTECH,EG_BATCH_5,EQ_BATCH_177,,,
SIMTECH,EG_BATCH_5,EQ_BATCH_178,,,
SIMTECH,EG_BATCH_5,EQ_BATCH_179,,,
SIMTECH,EG_BATCH_5,EQ_BATCH_180,,,
SIMTECH,EG_BATCH_5,EQ_BATCH_181,,,
SIMTECH,EG_BATCH_5,EQ_BATCH_182,,,
SIMTECH,EG_BATCH_5,EQ_BATCH_183,,,
SIMTECH,EG_BATCH_5,EQ_BATCH_184,,,
SIMTECH,EG_BATCH_5,EQ_BATCH_185,,,
SIMTECH,EG_BATCH_5,EQ_BATCH_186,,,
SIMTECH,EG_BATCH_5,EQ_BATCH_187,,,
SIMTECH,EG_BATCH_5,EQ_BATCH_188,,,
SIMTECH,EG_BATCH_5,EQ_BATCH_189,,,
SIMTECH,EG_BATCH_5,EQ_BATCH_190,,,
SIMTECH,EG_BATCH_5,EQ_BATCH_191,,,
SIMTECH,EG_BATCH_5,EQ_BATCH_192,,,
SIMTECH,EG_BATCH_5,EQ_BATCH_193,,,
SIMTECH,EG_BATCH_5,EQ_BATCH_194,,,
SIMTECH,EG_BATCH_5,EQ_BATCH_195,,,
SIMTECH,EG_BATCH_5,EQ_BATCH_196,,,
SIMTECH,EG_BATCH_5,EQ_BATCH_197,,,
SIMTECH,EG_BATCH_5,EQ_BATCH_198,,,
SIMTECH,EG_BATCH_5,EQ_BATCH_199,,,
SIMTECH,EG_BATCH_5,EQ_BATCH_200,,,
SIMTECH,EG_BATCH_5,EQ_BATCH_201,,,
SIMTECH,EG_BATCH_5,EQ_BATCH_202,,,
SIMTECH,EG_BATCH_5,EQ_BATCH_203,,,
SIMTECH,EG_BATCH_5,EQ_BATCH_204,,,
SIMTECH,EG_BATCH_5,EQ_BATCH_205,,,
SIMTECH,EG_BATCH_5,EQ_BATCH_206,,,
SIMTECH,EG_BATCH_5,EQ_BATCH_207,,,
SIMTECH,EG_BATCH_5,EQ_BATCH_208,,,
SIMTECH,EG_BATCH_5,EQ_BATCH_209,,,
SIMTECH,EG_BATCH_5,EQ_BATCH_210,,,
SIMTECH,EG_BATCH_5,EQ_BATCH_211,,,
SIMTECH,EG_BATCH_5,EQ_BATCH_212,,,
SIMTECH,EG_BATCH_5,EQ_BATCH_213,,,
SIMTECH,EG_BATCH_5,EQ_BATCH_214,,,
SIMTECH,EG_BATCH_5,EQ_BATCH_215,,,
SIMTECH,EG_BATCH_5,EQ_BATCH_216,,,
SIMTECH,EG_BATCH_5,EQ_BATCH_217,,,
SIMTECH,EG_BATCH_5,EQ_BATCH_218,,,
SIMTECH,EG_BATCH_5,EQ_BATCH_219,,,
SIMTECH,EG_BATCH_5,EQ_BATCH_220,,,
SIMTECH,EG_BATCH_5,EQ_BATCH_221,,,
SIMTECH,EG_BATCH_5,EQ_BATCH_222,,,
SIMTECH,EG_BATCH_5,EQ_BATCH_223,,,
SIMTECH,EG_BATCH_5,EQ_BATCH_224,,,
SIMTECH,EG_BATCH_5,EQ_BATCH_225,,,
SIMTECH,EG_BATCH_5,EQ_BATCH_226,,,
SIMTECH,EG_BATCH_5,EQ_BATCH_227,,,
SIMTECH,EG_BATCH_5,EQ_BATCH_228,,,
SIMTECH,EG_BATCH_5,EQ_BATCH_229,,,
SIMTECH,EG_BATCH_5,EQ_BATCH_230,,,
SIMTECH,EG_BATCH_5,EQ_BATCH_231,,,
SIMTECH,EG_BATCH_5,EQ_BATCH_232,,,
SIMTECH,EG_BATCH_5,EQ_BATCH_233,,,
SIMTECH,EG_BATCH_5,EQ_BATCH_234,,,
SIMTECH,EG_BATCH_5,EQ_BATCH_235,,,
SIMTECH,EG_BATCH_5,EQ_BATCH_236,,,
SIMTECH,EG_BATCH_5,EQ_BATCH_237,,,
SIMTECH,EG_BATCH_5,EQ_BATCH_238,,,
SIMTECH,EG_BATCH_5,EQ_BATCH_239,,,
SIMTECH,EG_BATCH_5,EQ_BATCH_240,,,
SIMTECH,EG_BATCH_5,EQ_BATCH_241,,,
SIMTECH,EG_BATCH_5,EQ_BATCH_242,,,
SIMTECH,EG_BATCH_5,EQ_BATCH_243,,,
SIMTECH,EG_BATCH_5,EQ_BATCH_244,,,
SIMTECH,EG_BATCH_5,EQ_BATCH_245,,,
SIMTECH,EG_BATCH_5,EQ_BATCH_246,,,
SIMTECH,EG_BATCH_5,EQ_BATCH_247,,,
SIMTECH,EG_BATCH_5,EQ_BATCH_248,,,
SIMTECH,EG_BATCH_5,EQ_BATCH_249,,,
SIMTECH,EG_BATCH_5,EQ_BATCH_250,,,
SIMTECH,EG_BATCH_5,EQ_BATCH_251,,,
SIMTECH,EG_BATCH_5,EQ_BATCH_252,,,
SIMTECH,EG_BATCH_5,EQ_BATCH_253,,,
SIMTECH,EG_BATCH_5,EQ_BATCH_254,,,
SIMTECH,EG_BATCH_5,EQ_BATCH_255,,,
SIMTECH,EG_BATCH_5,EQ_BATCH_256,,,
SIMTECH,EG_BATCH_5,EQ_BATCH_257,,,
SIMTECH,EG_BATCH_5,EQ_BATCH_258,,,
SIMTECH,EG_BATCH_5,EQ_BATCH_259,,,
SIMTECH,EG_BATCH_5,EQ_BATCH_260,,,
SIMTECH,EG_BATCH_5,EQ_BATCH_261,,,
SIMTECH,EG_BATCH_5,EQ_BATCH_262,,,
SIMTECH,EG_BATCH_5,EQ_BATCH_263,,,
SIMTECH,EG_BATCH_5,EQ_BATCH_264,,,
SIMTECH,EG_BATCH_5,EQ_BATCH_265,,,
SIMTECH,EG_BATCH_5,EQ_BATCH_266,,,
SIMTECH,EG_BATCH_5,EQ_BATCH_267,,,
SIMTECH,EG_BATCH_5,EQ_BATCH_268,,,
SIMTECH,EG_BATCH_5,EQ_BATCH_269,,,
SIMTECH,EG_BATCH_5,EQ_BATCH_270,,,
SIMTECH,EG_BATCH_5,EQ_BATCH_271,,,
SIMTECH,EG_BATCH_5,EQ_BATCH_272,,,
SIMTECH,EG_BATCH_5,EQ_BATCH_273,,,
SIMTECH,EG_BATCH_5,EQ_BATCH_274,,,
SIMTECH,EG_BATCH_5,EQ_BATCH_275,,,
SIMTECH,EG_BATCH_5,EQ_BATCH_276,,,
SIMTECH,EG_BATCH_5,EQ_BATCH_277,,,
SIMTECH,EG_BATCH_5,EQ_BATCH_278,,,
SIMTECH,EG_BATCH_5,EQ_BATCH_279,,,
SIMTECH,EG_BATCH_5,EQ_BATCH_280,,,
SIMTECH,EG_BATCH_5,EQ_BATCH_281,,,
SIMTECH,EG_BATCH_5,EQ_BATCH_282,,,
SIMTECH,EG_BATCH_5,EQ_BATCH_283,,,
SIMTECH,EG_BATCH_5,EQ_BATCH_284,,,
SIMTECH,EG_BATCH_5,EQ_BATCH_285,,,
SIMTECH,EG_BATCH_5,EQ_BATCH_286,,,
SIMTECH,EG_BATCH_5,EQ_BATCH_287,,,
SIMTECH,EG_BATCH_5,EQ_BATCH_288,,,
SIMTECH,EG_BATCH_5,EQ_BATCH_289,,,
SIMTECH,EG_BATCH_5,EQ_BATCH_290,,,
SIMTECH,EG_BATCH_5,EQ_BATCH_291,,,
SIMTECH,EG_BATCH_5,EQ_BATCH_292,,,
SIMTECH,EG_BATCH_5,EQ_BATCH_293,,,
SIMTECH,EG_BATCH_5,EQ_BATCH_294,,,
SIMTECH,EG_BATCH_5,EQ_BATCH_295,,,
SIMTECH,EG_BATCH_14,EQ_BATCH_348,,,
SIMTECH,EG_BATCH_14,EQ_BATCH_349,,,
SIMTECH,EG_BATCH_14,EQ_BATCH_350,,,
SIMTECH,EG_BATCH_14,EQ_BATCH_351,,,
SIMTECH,EG_BATCH_14,EQ_BATCH_352,,,
SIMTECH,EG_BATCH_14,EQ_BATCH_353,,,
SIMTECH,EG_BATCH_14,EQ_LOT_70,,,
SIMTECH,EG_WAFER_105,EQ_WAFER_638,,,
SIMTECH,EG_WAFER_105,EQ_WAFER_639,,,
SIMTECH,EG_WAFER_19,EQ_WAFER_131,,,
SIMTECH,EG_WAFER_107,EQ_WAFER_644,,,
SIMTECH,EG_WAFER_107,EQ_WAFER_645,,,
SIMTECH,EG_WAFER_107,EQ_WAFER_646,,,
SIMTECH,EG_WAFER_107,EQ_WAFER_647,,,
SIMTECH,EG_WAFER_107,EQ_WAFER_648,,,
SIMTECH,EG_WAFER_107,EQ_WAFER_649,,,
SIMTECH,EG_WAFER_107,EQ_WAFER_650,,,
SIMTECH,EG_LOT_33,EQ_LOT_142,,,
SIMTECH,EG_LOT_10,EQ_LOT_33,,,
SIMTECH,EG_LOT_10,EQ_LOT_34,,,
SIMTECH,EG_LOT_10,EQ_LOT_35,,,
SIMTECH,EG_LOT_10,EQ_LOT_36,,,
SIMTECH,EG_LOT_10,EQ_LOT_37,,,
SIMTECH,EG_LOT_10,EQ_LOT_38,,,
SIMTECH,EG_LOT_10,EQ_LOT_39,,,
SIMTECH,EG_LOT_10,EQ_LOT_40,,,
SIMTECH,EG_LOT_10,EQ_LOT_41,,,
SIMTECH,EG_LOT_10,EQ_LOT_42,,,
SIMTECH,EG_LOT_10,EQ_WAFER_288,,,
SIMTECH,EG_LOT_10,EQ_WAFER_289,,,
SIMTECH,EG_LOT_11,EQ_LOT_45,,,
SIMTECH,EG_LOT_11,EQ_LOT_46,,,
SIMTECH,EG_LOT_11,EQ_WAFER_295,,,
SIMTECH,EG_LOT_11,EQ_WAFER_296,,,
SIMTECH,EG_LOT_17,EQ_LOT_60,,,
SIMTECH,EG_LOT_17,EQ_LOT_61,,,
SIMTECH,EG_LOT_17,EQ_LOT_62,,,
SIMTECH,EG_LOT_17,EQ_LOT_63,,,
SIMTECH,EG_LOT_17,EQ_LOT_64,,,
SIMTECH,EG_LOT_17,EQ_LOT_65,,,
SIMTECH,EG_LOT_17,EQ_LOT_66,,,
SIMTECH,EG_LOT_17,EQ_LOT_67,,,
SIMTECH,EG_LOT_26,EQ_LOT_127,,,
SIMTECH,EG_LOT_26,EQ_LOT_128,,,
SIMTECH,EG_LOT_26,EQ_LOT_129,,,
SIMTECH,EG_LOT_19,EQ_LOT_71,,,
SIMTECH,EG_LOT_19,EQ_LOT_72,,,
SIMTECH,EG_LOT_19,EQ_LOT_73,,,
SIMTECH,EG_LOT_19,EQ_LOT_74,,,
SIMTECH,EG_LOT_19,EQ_WAFER_333,,,
SIMTECH,EG_LOT_18,EQ_LOT_68,,,
SIMTECH,EG_LOT_18,EQ_LOT_69,,,
SIMTECH,EG_LOT_16,EQ_LOT_58,,,
SIMTECH,EG_LOT_16,EQ_LOT_59,,,
SIMTECH,EG_LOT_36,EQ_LOT_145,,,
SIMTECH,EG_LOT_36,EQ_LOT_146,,,
SIMTECH,EG_LOT_36,EQ_WAFER_600,,,
SIMTECH,EG_WAFER_40,EQ_WAFER_255,,,
SIMTECH,EG_LOT_8,EQ_LOT_29,,,
SIMTECH,EG_WAFER_41,EQ_WAFER_256,,,
SIMTECH,EG_LOT_8,EQ_LOT_30,,,
SIMTECH,EG_LOT_8,EQ_LOT_31,,,
SIMTECH,EG_LOT_32,EQ_LOT_140,,,
SIMTECH,EG_WAFER_60,EQ_WAFER_342,,,
SIMTECH,EG_LOT_35,EQ_LOT_144,,,
SIMTECH,EG_WAFER_39,EQ_WAFER_251,,,
SIMTECH,EG_WAFER_39,EQ_WAFER_252,,,
SIMTECH,EG_WAFER_39,EQ_WAFER_253,,,
SIMTECH,EG_LOT_28,EQ_LOT_132,,,
SIMTECH,EG_LOT_7,EQ_LOT_18,,,
SIMTECH,EG_LOT_7,EQ_LOT_19,,,
SIMTECH,EG_LOT_7,EQ_LOT_20,,,
SIMTECH,EG_LOT_7,EQ_LOT_21,,,
SIMTECH,EG_LOT_4,EQ_LOT_7,,,
SIMTECH,EG_LOT_4,EQ_LOT_8,,,
SIMTECH,EG_LOT_4,EQ_LOT_9,,,
SIMTECH,EG_LOT_4,EQ_LOT_10,,,
SIMTECH,EG_WAFER_39,EQ_WAFER_254,,,
SIMTECH,EG_LOT_6,EQ_LOT_13,,,
SIMTECH,EG_LOT_7,EQ_LOT_22,,,
SIMTECH,EG_LOT_7,EQ_LOT_23,,,
SIMTECH,EG_LOT_7,EQ_LOT_24,,,
SIMTECH,EG_LOT_7,EQ_LOT_25,,,
SIMTECH,EG_LOT_7,EQ_LOT_26,,,
SIMTECH,EG_LOT_22,EQ_LOT_108,,,
SIMTECH,EG_LOT_12,EQ_LOT_47,,,
SIMTECH,EG_LOT_12,EQ_LOT_48,,,
SIMTECH,EG_LOT_12,EQ_LOT_49,,,
SIMTECH,EG_LOT_12,EQ_LOT_50,,,
SIMTECH,EG_LOT_12,EQ_LOT_51,,,
SIMTECH,EG_LOT_13,EQ_WAFER_297,,,
SIMTECH,EG_LOT_14,EQ_LOT_53,,,
SIMTECH,EG_LOT_14,EQ_LOT_54,,,
SIMTECH,EG_LOT_14,EQ_LOT_55,,,
SIMTECH,EG_LOT_27,EQ_LOT_130,,,
SIMTECH,EG_LOT_15,EQ_LOT_56,,,
SIMTECH,EG_LOT_15,EQ_LOT_57,,,
SIMTECH,EG_LOT_31,EQ_LOT_137,,,
SIMTECH,EG_LOT_31,EQ_LOT_138,,,
SIMTECH,EG_LOT_31,EQ_LOT_139,,,
SIMTECH,EG_WAFER_93,EQ_WAFER_492,,,
SIMTECH,EG_WAFER_93,EQ_WAFER_493,,,
SIMTECH,EG_WAFER_93,EQ_WAFER_494,,,
SIMTECH,EG_WAFER_93,EQ_WAFER_495,,,
SIMTECH,EG_WAFER_93,EQ_WAFER_496,,,
SIMTECH,EG_WAFER_94,EQ_WAFER_522,,,
SIMTECH,EG_WAFER_93,EQ_WAFER_497,,,
SIMTECH,EG_WAFER_93,EQ_WAFER_498,,,
SIMTECH,EG_WAFER_94,EQ_WAFER_523,,,
SIMTECH,EG_WAFER_94,EQ_WAFER_524,,,
SIMTECH,EG_WAFER_93,EQ_WAFER_499,,,
SIMTECH,EG_WAFER_93,EQ_WAFER_500,,,
SIMTECH,EG_WAFER_94,EQ_WAFER_525,,,
SIMTECH,EG_WAFER_93,EQ_WAFER_501,,,
SIMTECH,EG_WAFER_93,EQ_WAFER_502,,,
SIMTECH,EG_WAFER_94,EQ_WAFER_526,,,
SIMTECH,EG_WAFER_93,EQ_WAFER_503,,,
SIMTECH,EG_WAFER_94,EQ_WAFER_527,,,
SIMTECH,EG_WAFER_93,EQ_WAFER_504,,,
SIMTECH,EG_WAFER_93,EQ_WAFER_505,,,
SIMTECH,EG_WAFER_93,EQ_WAFER_506,,,
SIMTECH,EG_WAFER_93,EQ_WAFER_507,,,
SIMTECH,EG_WAFER_93,EQ_WAFER_508,,,
SIMTECH,EG_WAFER_94,EQ_WAFER_528,,,
SIMTECH,EG_WAFER_94,EQ_WAFER_529,,,
SIMTECH,EG_WAFER_93,EQ_WAFER_509,,,
SIMTECH,EG_WAFER_93,EQ_WAFER_510,,,
SIMTECH,EG_WAFER_94,EQ_WAFER_530,,,
SIMTECH,EG_WAFER_93,EQ_WAFER_511,,,
SIMTECH,EG_WAFER_93,EQ_WAFER_512,,,
SIMTECH,EG_WAFER_94,EQ_WAFER_531,,,
SIMTECH,EG_WAFER_93,EQ_WAFER_513,,,
SIMTECH,EG_WAFER_93,EQ_WAFER_514,,,
SIMTECH,EG_WAFER_93,EQ_WAFER_515,,,
SIMTECH,EG_WAFER_94,EQ_WAFER_532,,,
SIMTECH,EG_WAFER_94,EQ_WAFER_533,,,
SIMTECH,EG_LOT_1,EQ_LOT_1,,,
SIMTECH,EG_LOT_1,EQ_LOT_2,,,
SIMTECH,EG_LOT_29,EQ_LOT_133,,,
SIMTECH,EG_LOT_29,EQ_WAFER_397,,,
SIMTECH,EG_LOT_24,EQ_LOT_115,,,
SIMTECH,EG_LOT_24,EQ_LOT_116,,,
SIMTECH,EG_LOT_25,EQ_LOT_117,,,
SIMTECH,EG_LOT_25,EQ_LOT_118,,,
SIMTECH,EG_LOT_25,EQ_LOT_119,,,
SIMTECH,EG_LOT_25,EQ_LOT_120,,,
SIMTECH,EG_LOT_25,EQ_LOT_121,,,
SIMTECH,EG_LOT_25,EQ_LOT_122,,,
SIMTECH,EG_LOT_25,EQ_LOT_123,,,
SIMTECH,EG_LOT_25,EQ_LOT_124,,,
SIMTECH,EG_LOT_25,EQ_LOT_125,,,
SIMTECH,EG_LOT_25,EQ_LOT_126,,,
SIMTECH,EG_LOT_38,EQ_LOT_149,,,
SIMTECH,EG_WAFER_14,EQ_WAFER_92,,,
SIMTECH,EG_WAFER_14,EQ_WAFER_93,,,
SIMTECH,EG_WAFER_14,EQ_WAFER_94,,,
SIMTECH,EG_WAFER_14,EQ_WAFER_95,,,
SIMTECH,EG_WAFER_14,EQ_WAFER_96,,,
SIMTECH,EG_WAFER_14,EQ_WAFER_97,,,
SIMTECH,EG_WAFER_14,EQ_WAFER_98,,,
SIMTECH,EG_WAFER_14,EQ_WAFER_99,,,
SIMTECH,EG_WAFER_14,EQ_WAFER_100,,,
SIMTECH,EG_WAFER_14,EQ_WAFER_101,,,
SIMTECH,EG_WAFER_14,EQ_WAFER_102,,,
SIMTECH,EG_WAFER_55,EQ_WAFER_332,,,
SIMTECH,EG_WAFER_103,EQ_WAFER_621,,,
SIMTECH,EG_WAFER_103,EQ_WAFER_622,,,
SIMTECH,EG_WAFER_103,EQ_WAFER_623,,,
SIMTECH,EG_WAFER_103,EQ_WAFER_624,,,
SIMTECH,EG_WAFER_103,EQ_WAFER_625,,,
SIMTECH,EG_WAFER_103,EQ_WAFER_626,,,
SIMTECH,EG_WAFER_103,EQ_WAFER_627,,,
SIMTECH,EG_WAFER_103,EQ_WAFER_628,,,
SIMTECH,EG_WAFER_103,EQ_WAFER_629,,,
SIMTECH,EG_WAFER_103,EQ_WAFER_630,,,
SIMTECH,EG_WAFER_103,EQ_WAFER_631,,,
SIMTECH,EG_WAFER_103,EQ_WAFER_632,,,
SIMTECH,EG_WAFER_103,EQ_WAFER_633,,,
SIMTECH,EG_WAFER_10,EQ_WAFER_58,,,
SIMTECH,EG_WAFER_10,EQ_WAFER_59,,,
SIMTECH,EG_WAFER_10,EQ_WAFER_60,,,
SIMTECH,EG_WAFER_10,EQ_WAFER_61,,,
SIMTECH,EG_WAFER_10,EQ_WAFER_62,,,
SIMTECH,EG_WAFER_10,EQ_WAFER_63,,,
SIMTECH,EG_WAFER_10,EQ_WAFER_64,,,
SIMTECH,EG_WAFER_10,EQ_WAFER_65,,,
SIMTECH,EG_WAFER_10,EQ_WAFER_66,,,
SIMTECH,EG_WAFER_10,EQ_WAFER_67,,,
SIMTECH,EG_WAFER_10,EQ_WAFER_68,,,
SIMTECH,EG_WAFER_101,EQ_WAFER_601,,,
SIMTECH,EG_WAFER_101,EQ_WAFER_602,,,
SIMTECH,EG_WAFER_101,EQ_WAFER_603,,,
SIMTECH,EG_WAFER_101,EQ_WAFER_604,,,
SIMTECH,EG_WAFER_101,EQ_WAFER_605,,,
SIMTECH,EG_WAFER_101,EQ_WAFER_606,,,
SIMTECH,EG_WAFER_101,EQ_WAFER_607,,,
SIMTECH,EG_WAFER_101,EQ_WAFER_608,,,
SIMTECH,EG_WAFER_101,EQ_WAFER_609,,,
SIMTECH,EG_WAFER_101,EQ_WAFER_610,,,
SIMTECH,EG_WAFER_101,EQ_WAFER_611,,,
SIMTECH,EG_WAFER_101,EQ_WAFER_612,,,
SIMTECH,EG_WAFER_101,EQ_WAFER_613,,,
SIMTECH,EG_WAFER_101,EQ_WAFER_614,,,
SIMTECH,EG_WAFER_101,EQ_WAFER_615,,,
SIMTECH,EG_WAFER_101,EQ_WAFER_616,,,
SIMTECH,EG_WAFER_101,EQ_WAFER_617,,,
SIMTECH,EG_WAFER_101,EQ_WAFER_618,,,
SIMTECH,EG_WAFER_96,EQ_WAFER_544,,,
SIMTECH,EG_WAFER_96,EQ_WAFER_545,,,
SIMTECH,EG_WAFER_96,EQ_WAFER_546,,,
SIMTECH,EG_WAFER_96,EQ_WAFER_547,,,
SIMTECH,EG_WAFER_96,EQ_WAFER_548,,,
SIMTECH,EG_WAFER_96,EQ_WAFER_549,,,
SIMTECH,EG_WAFER_96,EQ_WAFER_550,,,
SIMTECH,EG_WAFER_96,EQ_WAFER_551,,,
SIMTECH,EG_WAFER_96,EQ_WAFER_552,,,
SIMTECH,EG_WAFER_96,EQ_WAFER_553,,,
SIMTECH,EG_WAFER_96,EQ_WAFER_554,,,
SIMTECH,EG_WAFER_96,EQ_WAFER_555,,,
SIMTECH,EG_WAFER_96,EQ_WAFER_556,,,
SIMTECH,EG_WAFER_96,EQ_WAFER_557,,,
SIMTECH,EG_WAFER_96,EQ_WAFER_558,,,
SIMTECH,EG_WAFER_96,EQ_WAFER_559,,,
SIMTECH,EG_WAFER_96,EQ_WAFER_560,,,
SIMTECH,EG_WAFER_96,EQ_WAFER_561,,,
SIMTECH,EG_WAFER_96,EQ_WAFER_562,,,
SIMTECH,EG_WAFER_96,EQ_WAFER_563,,,
SIMTECH,EG_WAFER_96,EQ_WAFER_564,,,
SIMTECH,EG_WAFER_96,EQ_WAFER_565,,,
SIMTECH,EG_WAFER_96,EQ_WAFER_566,,,
SIMTECH,EG_WAFER_96,EQ_WAFER_567,,,
SIMTECH,EG_WAFER_96,EQ_WAFER_568,,,
SIMTECH,EG_WAFER_96,EQ_WAFER_569,,,
SIMTECH,EG_WAFER_96,EQ_WAFER_570,,,
SIMTECH,EG_WAFER_96,EQ_WAFER_571,,,
SIMTECH,EG_WAFER_96,EQ_WAFER_572,,,
SIMTECH,EG_WAFER_96,EQ_WAFER_573,,,
SIMTECH,EG_WAFER_96,EQ_WAFER_574,,,
SIMTECH,EG_WAFER_96,EQ_WAFER_575,,,
SIMTECH,EG_WAFER_98,EQ_WAFER_586,,,
SIMTECH,EG_WAFER_98,EQ_WAFER_587,,,
SIMTECH,EG_WAFER_98,EQ_WAFER_588,,,
SIMTECH,EG_WAFER_98,EQ_WAFER_589,,,
SIMTECH,EG_WAFER_98,EQ_WAFER_590,,,
SIMTECH,EG_WAFER_98,EQ_WAFER_591,,,
SIMTECH,EG_WAFER_98,EQ_WAFER_592,,,
SIMTECH,EG_WAFER_98,EQ_WAFER_593,,,
SIMTECH,EG_WAFER_98,EQ_WAFER_594,,,
SIMTECH,EG_WAFER_75,EQ_WAFER_400,,,
SIMTECH,EG_WAFER_75,EQ_WAFER_401,,,
SIMTECH,EG_WAFER_75,EQ_WAFER_402,,,
SIMTECH,EG_WAFER_75,EQ_WAFER_403,,,
SIMTECH,EG_WAFER_75,EQ_WAFER_404,,,
SIMTECH,EG_WAFER_96,EQ_WAFER_576,,,
SIMTECH,EG_WAFER_96,EQ_WAFER_577,,,
SIMTECH,EG_WAFER_96,EQ_WAFER_578,,,
SIMTECH,EG_WAFER_62,EQ_WAFER_351,,,
SIMTECH,EG_WAFER_62,EQ_WAFER_352,,,
SIMTECH,EG_WAFER_62,EQ_WAFER_353,,,
SIMTECH,EG_WAFER_57,EQ_WAFER_337,,,
SIMTECH,EG_WAFER_57,EQ_WAFER_338,,,
SIMTECH,EG_WAFER_61,EQ_WAFER_345,,,
SIMTECH,EG_WAFER_61,EQ_WAFER_346,,,
SIMTECH,EG_WAFER_61,EQ_WAFER_347,,,
SIMTECH,EG_WAFER_61,EQ_WAFER_348,,,
SIMTECH,EG_WAFER_61,EQ_WAFER_349,,,
SIMTECH,EG_WAFER_32,EQ_WAFER_209,,,
SIMTECH,EG_WAFER_32,EQ_WAFER_210,,,
SIMTECH,EG_WAFER_32,EQ_WAFER_211,,,
SIMTECH,EG_WAFER_32,EQ_WAFER_212,,,
SIMTECH,EG_WAFER_32,EQ_WAFER_213,,,
SIMTECH,EG_WAFER_32,EQ_WAFER_214,,,
SIMTECH,EG_WAFER_32,EQ_WAFER_215,,,
SIMTECH,EG_WAFER_32,EQ_WAFER_216,,,
SIMTECH,EG_WAFER_32,EQ_WAFER_217,,,
SIMTECH,EG_WAFER_32,EQ_WAFER_218,,,
SIMTECH,EG_WAFER_32,EQ_WAFER_219,,,
SIMTECH,EG_WAFER_32,EQ_WAFER_220,,,
SIMTECH,EG_WAFER_32,EQ_WAFER_221,,,
SIMTECH,EG_WAFER_84,EQ_WAFER_451,,,
SIMTECH,EG_WAFER_84,EQ_WAFER_452,,,
SIMTECH,EG_WAFER_84,EQ_WAFER_453,,,
SIMTECH,EG_WAFER_84,EQ_WAFER_454,,,
SIMTECH,EG_WAFER_84,EQ_WAFER_455,,,
SIMTECH,EG_WAFER_84,EQ_WAFER_456,,,
SIMTECH,EG_WAFER_84,EQ_WAFER_457,,,
SIMTECH,EG_WAFER_84,EQ_WAFER_458,,,
SIMTECH,EG_WAFER_84,EQ_WAFER_459,,,
SIMTECH,EG_WAFER_84,EQ_WAFER_460,,,
SIMTECH,EG_WAFER_84,EQ_WAFER_461,,,
SIMTECH,EG_WAFER_84,EQ_WAFER_462,,,
SIMTECH,EG_WAFER_84,EQ_WAFER_463,,,
SIMTECH,EG_WAFER_84,EQ_WAFER_464,,,
SIMTECH,EG_WAFER_84,EQ_WAFER_465,,,
SIMTECH,EG_WAFER_84,EQ_WAFER_466,,,
SIMTECH,EG_WAFER_84,EQ_WAFER_467,,,
SIMTECH,EG_WAFER_84,EQ_WAFER_468,,,
SIMTECH,EG_WAFER_84,EQ_WAFER_469,,,
SIMTECH,EG_WAFER_84,EQ_WAFER_470,,,
SIMTECH,EG_LOT_10,EQ_LOT_43,,,
SIMTECH,EG_WAFER_51,EQ_WAFER_290,,,
SIMTECH,EG_WAFER_51,EQ_WAFER_291,,,
SIMTECH,EG_WAFER_51,EQ_WAFER_292,,,
SIMTECH,EG_WAFER_51,EQ_WAFER_293,,,
SIMTECH,EG_WAFER_51,EQ_WAFER_294,,,
SIMTECH,EG_WAFER_85,EQ_WAFER_471,,,
SIMTECH,EG_WAFER_18,EQ_WAFER_119,,,
SIMTECH,EG_WAFER_18,EQ_WAFER_120,,,
SIMTECH,EG_WAFER_18,EQ_WAFER_121,,,
SIMTECH,EG_WAFER_18,EQ_WAFER_122,,,
SIMTECH,EG_WAFER_18,EQ_WAFER_123,,,
SIMTECH,EG_WAFER_18,EQ_WAFER_124,,,
SIMTECH,EG_WAFER_18,EQ_WAFER_125,,,
SIMTECH,EG_WAFER_18,EQ_WAFER_126,,,
SIMTECH,EG_WAFER_18,EQ_WAFER_127,,,
SIMTECH,EG_WAFER_18,EQ_WAFER_128,,,
SIMTECH,EG_WAFER_18,EQ_WAFER_129,,,
SIMTECH,EG_WAFER_18,EQ_WAFER_130,,,
SIMTECH,EG_WAFER_93,EQ_WAFER_516,,,
SIMTECH,EG_WAFER_16,EQ_WAFER_113,,,
SIMTECH,EG_WAFER_16,EQ_WAFER_114,,,
SIMTECH,EG_WAFER_16,EQ_WAFER_115,,,
SIMTECH,EG_WAFER_16,EQ_WAFER_116,,,
SIMTECH,EG_WAFER_2,EQ_WAFER_2,,,
SIMTECH,EG_WAFER_2,EQ_WAFER_3,,,
SIMTECH,EG_WAFER_2,EQ_WAFER_4,,,
SIMTECH,EG_WAFER_2,EQ_WAFER_5,,,
SIMTECH,EG_WAFER_2,EQ_WAFER_6,,,
SIMTECH,EG_WAFER_2,EQ_WAFER_7,,,
SIMTECH,EG_WAFER_2,EQ_WAFER_8,,,
SIMTECH,EG_WAFER_2,EQ_WAFER_9,,,
SIMTECH,EG_WAFER_2,EQ_WAFER_10,,,
SIMTECH,EG_WAFER_2,EQ_WAFER_11,,,
SIMTECH,EG_WAFER_2,EQ_WAFER_12,,,
SIMTECH,EG_WAFER_2,EQ_WAFER_13,,,
SIMTECH,EG_WAFER_2,EQ_WAFER_14,,,
SIMTECH,EG_WAFER_2,EQ_WAFER_15,,,
SIMTECH,EG_WAFER_2,EQ_WAFER_16,,,
SIMTECH,EG_WAFER_2,EQ_WAFER_17,,,
SIMTECH,EG_WAFER_2,EQ_WAFER_18,,,
SIMTECH,EG_WAFER_2,EQ_WAFER_19,,,
SIMTECH,EG_WAFER_2,EQ_WAFER_20,,,
SIMTECH,EG_WAFER_2,EQ_WAFER_21,,,
SIMTECH,EG_WAFER_2,EQ_WAFER_22,,,
SIMTECH,EG_WAFER_2,EQ_WAFER_23,,,
SIMTECH,EG_WAFER_2,EQ_WAFER_24,,,
SIMTECH,EG_WAFER_2,EQ_WAFER_25,,,
SIMTECH,EG_WAFER_66,EQ_WAFER_368,,,
SIMTECH,EG_WAFER_66,EQ_WAFER_369,,,
SIMTECH,EG_WAFER_66,EQ_WAFER_370,,,
SIMTECH,EG_WAFER_66,EQ_WAFER_371,,,
SIMTECH,EG_WAFER_66,EQ_WAFER_372,,,
SIMTECH,EG_WAFER_46,EQ_WAFER_264,,,
SIMTECH,EG_WAFER_46,EQ_WAFER_265,,,
SIMTECH,EG_WAFER_46,EQ_WAFER_266,,,
SIMTECH,EG_WAFER_46,EQ_WAFER_267,,,
SIMTECH,EG_WAFER_46,EQ_WAFER_268,,,
SIMTECH,EG_WAFER_46,EQ_WAFER_269,,,
SIMTECH,EG_WAFER_46,EQ_WAFER_270,,,
SIMTECH,EG_WAFER_69,EQ_WAFER_382,,,
SIMTECH,EG_WAFER_62,EQ_WAFER_354,,,
SIMTECH,EG_WAFER_62,EQ_WAFER_355,,,
SIMTECH,EG_BATCH_9,EQ_BATCH_304,,,
SIMTECH,EG_BATCH_9,EQ_BATCH_305,,,
SIMTECH,EG_BATCH_9,EQ_BATCH_306,,,
SIMTECH,EG_BATCH_11,EQ_BATCH_298,,,
SIMTECH,EG_BATCH_9,EQ_BATCH_307,,,
SIMTECH,EG_BATCH_9,EQ_BATCH_308,,,
SIMTECH,EG_BATCH_9,EQ_BATCH_309,,,
SIMTECH,EG_BATCH_9,EQ_BATCH_310,,,
SIMTECH,EG_BATCH_9,EQ_BATCH_311,,,
SIMTECH,EG_BATCH_9,EQ_BATCH_312,,,
SIMTECH,EG_BATCH_9,EQ_BATCH_313,,,
SIMTECH,EG_BATCH_9,EQ_BATCH_314,,,
SIMTECH,EG_BATCH_9,EQ_BATCH_315,,,
SIMTECH,EG_BATCH_9,EQ_BATCH_316,,,
SIMTECH,EG_BATCH_9,EQ_BATCH_317,,,
SIMTECH,EG_BATCH_9,EQ_BATCH_318,,,
SIMTECH,EG_BATCH_9,EQ_BATCH_319,,,
SIMTECH,EG_LOT_23,EQ_LOT_109,,,
SIMTECH,EG_LOT_23,EQ_LOT_110,,,
SIMTECH,EG_LOT_23,EQ_LOT_111,,,
SIMTECH,EG_LOT_23,EQ_LOT_112,,,
SIMTECH,EG_LOT_23,EQ_LOT_113,,,
SIMTECH,EG_LOT_23,EQ_WAFER_361,,,
SIMTECH,EG_LOT_23,EQ_WAFER_362,,,
SIMTECH,EG_LOT_23,EQ_LOT_114,,,
SIMTECH,EG_LOT_23,EQ_WAFER_363,,,
SIMTECH,EG_LOT_23,EQ_WAFER_364,,,
SIMTECH,EG_LOT_23,EQ_WAFER_365,,,
SIMTECH,EG_WAFER_81,EQ_WAFER_435,,,
SIMTECH,EG_LOT_34,EQ_LOT_143,,,
SIMTECH,EG_BATCH_9,EQ_BATCH_320,,,
SIMTECH,EG_BATCH_9,EQ_BATCH_321,,,
SIMTECH,EG_BATCH_16,EQ_BATCH_359,,,
SIMTECH,EG_BATCH_16,EQ_BATCH_360,,,
SIMTECH,EG_BATCH_16,EQ_BATCH_361,,,
SIMTECH,EG_BATCH_16,EQ_BATCH_362,,,
SIMTECH,EG_BATCH_10,EQ_BATCH_322,,,
SIMTECH,EG_BATCH_10,EQ_BATCH_323,,,
SIMTECH,EG_BATCH_10,EQ_BATCH_324,,,
SIMTECH,EG_BATCH_10,EQ_BATCH_325,,,
SIMTECH,EG_BATCH_10,EQ_BATCH_326,,,
SIMTECH,EG_BATCH_10,EQ_BATCH_327,,,
SIMTECH,EG_BATCH_10,EQ_BATCH_328,,,
SIMTECH,EG_BATCH_10,EQ_BATCH_329,,,
SIMTECH,EG_BATCH_10,EQ_BATCH_330,,,
SIMTECH,EG_BATCH_10,EQ_BATCH_331,,,
SIMTECH,EG_BATCH_10,EQ_BATCH_332,,,
SIMTECH,EG_BATCH_10,EQ_BATCH_333,,,
SIMTECH,EG_BATCH_10,EQ_BATCH_334,,,
SIMTECH,EG_BATCH_7,EQ_BATCH_299,,,
SIMTECH,EG_BATCH_7,EQ_BATCH_300,,,
SIMTECH,EG_BATCH_7,EQ_BATCH_301,,,
SIMTECH,EG_BATCH_8,EQ_BATCH_302,,,
SIMTECH,EG_BATCH_8,EQ_BATCH_303,,,
SIMTECH,EG_WAFER_80,EQ_WAFER_419,,,
SIMTECH,EG_WAFER_80,EQ_WAFER_420,,,
SIMTECH,EG_WAFER_80,EQ_WAFER_421,,,
SIMTECH,EG_WAFER_80,EQ_WAFER_422,,,
SIMTECH,EG_WAFER_80,EQ_WAFER_423,,,
SIMTECH,EG_WAFER_80,EQ_WAFER_424,,,
SIMTECH,EG_WAFER_80,EQ_WAFER_425,,,
SIMTECH,EG_WAFER_80,EQ_WAFER_426,,,
SIMTECH,EG_WAFER_80,EQ_WAFER_427,,,
SIMTECH,EG_WAFER_80,EQ_WAFER_428,,,
SIMTECH,EG_WAFER_80,EQ_WAFER_429,,,
SIMTECH,EG_WAFER_80,EQ_WAFER_430,,,
SIMTECH,EG_WAFER_80,EQ_WAFER_431,,,
SIMTECH,EG_WAFER_80,EQ_WAFER_432,,,
SIMTECH,EG_WAFER_81,EQ_WAFER_436,,,
SIMTECH,EG_WAFER_81,EQ_WAFER_437,,,
SIMTECH,EG_WAFER_81,EQ_WAFER_438,,,
SIMTECH,EG_WAFER_81,EQ_WAFER_439,,,
SIMTECH,EG_WAFER_81,EQ_WAFER_440,,,
SIMTECH,EG_WAFER_82,EQ_WAFER_441,,,
SIMTECH,EG_WAFER_78,EQ_WAFER_405,,,
SIMTECH,EG_WAFER_82,EQ_WAFER_442,,,
SIMTECH,EG_WAFER_82,EQ_WAFER_443,,,
SIMTECH,EG_WAFER_82,EQ_WAFER_444,,,
SIMTECH,EG_WAFER_82,EQ_LOT_141,,,
SIMTECH,EG_WAFER_79,EQ_WAFER_406,,,
SIMTECH,EG_WAFER_79,EQ_WAFER_407,,,
SIMTECH,EG_WAFER_79,EQ_WAFER_408,,,
SIMTECH,EG_WAFER_79,EQ_WAFER_409,,,
SIMTECH,EG_BATCH_22,EQ_BATCH_376,,,
SIMTECH,EG_BATCH_22,EQ_BATCH_377,,,
SIMTECH,EG_BATCH_22,EQ_BATCH_378,,,
SIMTECH,EG_BATCH_23,EQ_BATCH_379,,,
SIMTECH,EG_BATCH_23,EQ_BATCH_380,,,
SIMTECH,EG_BATCH_23,EQ_BATCH_381,,,
SIMTECH,EG_BATCH_23,EQ_BATCH_382,,,
SIMTECH,EG_BATCH_23,EQ_BATCH_383,,,
SIMTECH,EG_BATCH_23,EQ_BATCH_384,,,
SIMTECH,EG_BATCH_23,EQ_BATCH_385,,,
SIMTECH,EG_BATCH_23,EQ_BATCH_386,,,
SIMTECH,EG_BATCH_23,EQ_BATCH_387,,,
SIMTECH,EG_BATCH_23,EQ_BATCH_388,,,
SIMTECH,EG_BATCH_23,EQ_BATCH_389,,,
SIMTECH,EG_BATCH_16,EQ_BATCH_363,,,
